seed,usingPackage,usingVersion,phantomName,phantomVersion
ember-data,ember-cli-babel,8.2.0,rsvp,4.8.5
ember-data,ember-cli-babel,8.2.0,fs-extra,11.3.2
ember-data,broccoli-persistent-filter,3.1.3,async,3.2.6
@nuxt/ui,@nuxt/ui,4.2.1,vue,3.5.25
@nuxt/ui,@nuxt/ui,4.2.1,ufo,1.6.1
@nuxt/ui,@nuxt/ui,4.2.1,@vueuse/shared,14.0.0
@nuxt/ui,@nuxt/ui,4.2.1,@tanstack/table-core,8.21.3
terminal-kit,terminal-kit,3.1.2,pngjs,7.0.0
terminal-kit,terminal-kit,3.1.2,jpeg-js,0.4.4
terminal-kit,terminal-kit,3.1.2,ndarray-pack,1.2.1
terminal-kit,terminal-kit,3.1.2,omggif,1.0.10
terminal-kit,terminal-kit,3.1.2,node-bitmap,0.0.1
terminal-kit,terminal-kit,3.1.2,uniq,1.0.1
terminal-kit,terminal-kit,3.1.2,cwise-compiler,1.1.3
terminal-kit,terminal-kit,3.1.2,iota-array,1.0.0
terminal-kit,terminal-kit,3.1.2,is-buffer,2.0.5
terminal-kit,terminal-kit,3.1.2,setimmediate,1.0.5
deck.gl,@carto/api-client,0.5.22,@math.gl/core,4.1.0
deck.gl,@carto/api-client,0.5.22,@math.gl/web-mercator,4.1.0
deck.gl,@carto/api-client,0.5.22,d3-array,3.2.4
deck.gl,@carto/api-client,0.5.22,d3-color,3.1.0
@docusaurus/plugin-css-cascade-layers,@mdx-js/mdx,3.1.1,estree-util-visit,2.0.0
netlify-cli,ts-node,10.9.2,@tsconfig/node12,12.1.7
netlify-cli,ts-node,10.9.2,@tsconfig/node10,1.0.12
@uiw/react-md-editor,rehype-rewrite,4.0.3,unist-util-is,6.0.1
vega-geo,vega-geo,5.1.0,d3-dsv,3.0.1
vega-geo,vega-geo,5.1.0,topojson-client,3.1.0
vega-geo,vega-geo,5.1.0,d3-array,3.2.4
vega-geo,vega-geo,5.1.0,d3-format,3.1.0
vega-geo,vega-geo,5.1.0,d3-time,3.1.0
vega-geo,vega-geo,5.1.0,d3-time-format,4.1.0
vega-geo,vega-geo,5.1.0,d3-scale,4.0.2
vega-geo,vega-geo,5.1.0,d3-interpolate,3.0.1
vega-geo,vega-geo,5.1.0,d3-geo,3.1.1
vega-geo,vega-geo,5.1.0,d3-color,3.1.0
vega-geo,vega-projection,2.1.0,d3-array,3.2.4
vega-geo,vega-projection,2.1.0,d3-format,3.1.0
vega-geo,vega-projection,2.1.0,d3-time,3.1.0
vega-geo,vega-projection,2.1.0,d3-time-format,4.1.0
vega-geo,vega-projection,2.1.0,d3-scale,4.0.2
vega-geo,vega-projection,2.1.0,d3-interpolate,3.0.1
vega-geo,vega-projection,2.1.0,d3-geo,3.1.1
vega-geo,vega-projection,2.1.0,d3-color,3.1.0
vega-geo,vega-scale,8.1.0,d3-array,3.2.4
vega-geo,vega-scale,8.1.0,d3-format,3.1.0
vega-geo,vega-scale,8.1.0,d3-time,3.1.0
vega-geo,vega-scale,8.1.0,d3-time-format,4.1.0
vega-geo,vega-scale,8.1.0,d3-scale,4.0.2
vega-geo,vega-scale,8.1.0,d3-interpolate,3.0.1
vega-geo,vega-scale,8.1.0,d3-color,3.1.0
vega-geo,vega-time,3.1.0,d3-array,3.2.4
vega-geo,vega-time,3.1.0,d3-time,3.1.0
vega-geo,vega-dataflow,6.1.0,d3-dsv,3.0.1
vega-geo,vega-dataflow,6.1.0,topojson-client,3.1.0
vega-geo,vega-dataflow,6.1.0,d3-array,3.2.4
vega-geo,vega-dataflow,6.1.0,d3-format,3.1.0
vega-geo,vega-dataflow,6.1.0,d3-time,3.1.0
vega-geo,vega-dataflow,6.1.0,d3-time-format,4.1.0
vega-geo,vega-loader,5.1.0,d3-dsv,3.0.1
vega-geo,vega-loader,5.1.0,topojson-client,3.1.0
vega-geo,vega-loader,5.1.0,d3-array,3.2.4
vega-geo,vega-loader,5.1.0,d3-format,3.1.0
vega-geo,vega-loader,5.1.0,d3-time,3.1.0
vega-geo,vega-loader,5.1.0,d3-time-format,4.1.0
vega-geo,vega-format,2.1.0,d3-array,3.2.4
vega-geo,vega-format,2.1.0,d3-format,3.1.0
vega-geo,vega-format,2.1.0,d3-time,3.1.0
vega-geo,vega-format,2.1.0,d3-time-format,4.1.0
dragula,dragula,3.7.3,custom-event,1.0.1
vega-parser,vega-parser,7.1.0,d3-dsv,3.0.1
vega-parser,vega-parser,7.1.0,topojson-client,3.1.0
vega-parser,vega-parser,7.1.0,d3-array,3.2.4
vega-parser,vega-parser,7.1.0,d3-format,3.1.0
vega-parser,vega-parser,7.1.0,d3-time,3.1.0
vega-parser,vega-parser,7.1.0,d3-time-format,4.1.0
vega-parser,vega-parser,7.1.0,d3-shape,3.2.0
vega-parser,vega-parser,7.1.0,d3-path,3.1.0
vega-parser,vega-parser,7.1.0,d3-scale,4.0.2
vega-parser,vega-parser,7.1.0,d3-interpolate,3.0.1
vega-parser,vega-parser,7.1.0,d3-geo,3.1.1
vega-parser,vega-parser,7.1.0,d3-color,3.1.0
vega-parser,vega-scale,8.1.0,d3-array,3.2.4
vega-parser,vega-scale,8.1.0,d3-format,3.1.0
vega-parser,vega-scale,8.1.0,d3-time,3.1.0
vega-parser,vega-scale,8.1.0,d3-time-format,4.1.0
vega-parser,vega-scale,8.1.0,d3-scale,4.0.2
vega-parser,vega-scale,8.1.0,d3-interpolate,3.0.1
vega-parser,vega-scale,8.1.0,d3-color,3.1.0
vega-parser,vega-time,3.1.0,d3-array,3.2.4
vega-parser,vega-time,3.1.0,d3-time,3.1.0
vega-parser,vega-functions,6.1.0,d3-dsv,3.0.1
vega-parser,vega-functions,6.1.0,topojson-client,3.1.0
vega-parser,vega-functions,6.1.0,d3-array,3.2.4
vega-parser,vega-functions,6.1.0,d3-format,3.1.0
vega-parser,vega-functions,6.1.0,d3-time,3.1.0
vega-parser,vega-functions,6.1.0,d3-time-format,4.1.0
vega-parser,vega-functions,6.1.0,d3-shape,3.2.0
vega-parser,vega-functions,6.1.0,d3-path,3.1.0
vega-parser,vega-functions,6.1.0,d3-scale,4.0.2
vega-parser,vega-functions,6.1.0,d3-interpolate,3.0.1
vega-parser,vega-functions,6.1.0,d3-geo,3.1.1
vega-parser,vega-functions,6.1.0,d3-color,3.1.0
vega-parser,vega-selections,6.1.2,d3-array,3.2.4
vega-parser,vega-scenegraph,5.1.0,d3-dsv,3.0.1
vega-parser,vega-scenegraph,5.1.0,topojson-client,3.1.0
vega-parser,vega-scenegraph,5.1.0,d3-array,3.2.4
vega-parser,vega-scenegraph,5.1.0,d3-format,3.1.0
vega-parser,vega-scenegraph,5.1.0,d3-time,3.1.0
vega-parser,vega-scenegraph,5.1.0,d3-time-format,4.1.0
vega-parser,vega-scenegraph,5.1.0,d3-shape,3.2.0
vega-parser,vega-scenegraph,5.1.0,d3-path,3.1.0
vega-parser,vega-scenegraph,5.1.0,d3-scale,4.0.2
vega-parser,vega-scenegraph,5.1.0,d3-interpolate,3.0.1
vega-parser,vega-scenegraph,5.1.0,d3-color,3.1.0
vega-parser,vega-loader,5.1.0,d3-dsv,3.0.1
vega-parser,vega-loader,5.1.0,topojson-client,3.1.0
vega-parser,vega-loader,5.1.0,d3-array,3.2.4
vega-parser,vega-loader,5.1.0,d3-format,3.1.0
vega-parser,vega-loader,5.1.0,d3-time,3.1.0
vega-parser,vega-loader,5.1.0,d3-time-format,4.1.0
vega-parser,vega-format,2.1.0,d3-array,3.2.4
vega-parser,vega-format,2.1.0,d3-format,3.1.0
vega-parser,vega-format,2.1.0,d3-time,3.1.0
vega-parser,vega-format,2.1.0,d3-time-format,4.1.0
vega-parser,vega-dataflow,6.1.0,d3-dsv,3.0.1
vega-parser,vega-dataflow,6.1.0,topojson-client,3.1.0
vega-parser,vega-dataflow,6.1.0,d3-array,3.2.4
vega-parser,vega-dataflow,6.1.0,d3-format,3.1.0
vega-parser,vega-dataflow,6.1.0,d3-time,3.1.0
vega-parser,vega-dataflow,6.1.0,d3-time-format,4.1.0
vega-scale,vega-scale,8.1.0,d3-array,3.2.4
vega-scale,vega-scale,8.1.0,d3-format,3.1.0
vega-scale,vega-scale,8.1.0,d3-time,3.1.0
vega-scale,vega-scale,8.1.0,d3-time-format,4.1.0
vega-scale,vega-scale,8.1.0,d3-scale,4.0.2
vega-scale,vega-scale,8.1.0,d3-interpolate,3.0.1
vega-scale,vega-scale,8.1.0,d3-color,3.1.0
vega-scale,vega-time,3.1.0,d3-array,3.2.4
vega-scale,vega-time,3.1.0,d3-time,3.1.0
@vue/cli-plugin-unit-jest,jest-watch-typeahead,3.0.1,@jest/test-result,30.2.0
testem,testem,3.16.0,ws,8.18.3
@astrojs/language-server,yaml-language-server,1.19.2,vscode-languageserver-protocol,3.17.5
@orval/swr,@stoplight/spectral-core,1.20.0,es-aggregate-error,1.0.14
@orval/swr,@stoplight/spectral-core,1.20.0,lodash,4.17.21
@orval/swr,@stoplight/spectral-ref-resolver,1.0.5,lodash,4.17.21
@orval/swr,@stoplight/spectral-runtime,1.1.4,lodash,4.17.21
@orval/swr,@stoplight/spectral-parsers,1.0.5,lodash,4.17.21
@orval/swr,@stoplight/spectral-rulesets,1.22.0,es-aggregate-error,1.0.14
@orval/swr,@stoplight/spectral-rulesets,1.22.0,lodash,4.17.21
@orval/swr,@stoplight/spectral-functions,1.10.1,es-aggregate-error,1.0.14
@orval/swr,@stoplight/spectral-functions,1.10.1,lodash,4.17.21
@orval/swr,@stoplight/spectral-formats,1.8.2,es-aggregate-error,1.0.14
@orval/swr,@stoplight/spectral-formats,1.8.2,lodash,4.17.21
@appium/base-driver,@appium/base-driver,10.1.1,axios,1.13.2
@appium/base-driver,@appium/base-driver,10.1.1,lodash,4.17.21
@appium/base-driver,@appium/types,1.1.1,lodash,4.17.21
@appium/base-driver,@appium/logger,2.0.2,lodash,4.17.21
@appium/base-driver,@appium/support,7.0.3,axios,1.13.2
@appium/base-driver,@appium/support,7.0.3,lodash,4.17.21
@swagger-api/apidom-parser-adapter-openapi-json-2,@swagger-api/apidom-parser-adapter-openapi-json-2,1.0.0-rc.3,ramda,0.32.0
@swagger-api/apidom-parser-adapter-openapi-json-2,@swagger-api/apidom-parser-adapter-openapi-json-2,1.0.0-rc.3,ramda-adjunct,5.1.0
@swagger-api/apidom-parser-adapter-openapi-json-2,@swagger-api/apidom-parser-adapter-json,1.0.0-rc.3,ramda,0.32.0
@swagger-api/apidom-parser-adapter-openapi-json-2,@swagger-api/apidom-parser-adapter-json,1.0.0-rc.3,ramda-adjunct,5.1.0
@swagger-api/apidom-parser-adapter-openapi-json-2,@swagger-api/apidom-core,1.0.0-rc.3,ramda,0.32.0
@swagger-api/apidom-parser-adapter-openapi-json-2,@swagger-api/apidom-core,1.0.0-rc.3,ramda-adjunct,5.1.0
@swagger-api/apidom-parser-adapter-openapi-json-2,@swagger-api/apidom-ast,1.0.0-rc.3,ramda,0.32.0
@swagger-api/apidom-parser-adapter-openapi-json-2,@swagger-api/apidom-ast,1.0.0-rc.3,ramda-adjunct,5.1.0
@swagger-api/apidom-parser-adapter-openapi-json-2,@swagger-api/apidom-ns-openapi-2,1.0.0-rc.3,ramda,0.32.0
@swagger-api/apidom-parser-adapter-openapi-json-2,@swagger-api/apidom-ns-openapi-2,1.0.0-rc.3,ramda-adjunct,5.1.0
@swagger-api/apidom-parser-adapter-openapi-json-2,@swagger-api/apidom-ns-json-schema-draft-4,1.0.0-rc.3,ramda,0.32.0
@swagger-api/apidom-parser-adapter-openapi-json-2,@swagger-api/apidom-ns-json-schema-draft-4,1.0.0-rc.3,ramda-adjunct,5.1.0
@lerna/version,@lerna/version,6.6.2,@nx/devkit,22.1.1
@lerna/version,@lerna/version,6.6.2,fs-extra,11.3.2
@lerna/version,@lerna/version,6.6.2,chalk,5.6.2
@lerna/version,@lerna/version,6.6.2,yargs,18.0.0
@lerna/version,@lerna/version,6.6.2,is-ci,4.1.0
@lerna/version,@lerna/version,6.6.2,tmp,0.2.5
@lerna/version,@lerna/version,6.6.2,semver,7.7.3
@lerna/version,@lerna/version,6.6.2,execa,9.6.0
@lerna/version,@lerna/version,6.6.2,pretty-format,30.2.0
@lerna/version,@lerna/version,6.6.2,tinyglobby,0.2.15
@lerna/version,@lerna/version,6.6.2,load-json-file,7.0.1
@lerna/version,@lerna/version,6.6.2,cmd-shim,8.0.0
@lerna/version,@lerna/version,6.6.2,multimatch,7.0.0
@lerna/version,@lerna/version,6.6.2,columnify,1.6.0
@lerna/version,@lerna/version,6.6.2,read-cmd-shim,6.0.0
@lerna/version,@lerna/version,6.6.2,p-queue,9.0.1
@lerna/version,@lerna/version,6.6.2,p-map,7.0.4
@lerna/version,@lerna/version,6.6.2,p-map-series,3.0.0
@lerna/version,@lerna/version,6.6.2,write-file-atomic,7.0.0
@lerna/version,@lerna/version,6.6.2,npm-package-arg,13.0.2
@lerna/version,@lerna/version,6.6.2,dedent,1.7.0
@lerna/version,@lerna/version,6.6.2,minimatch,10.1.1
@lerna/version,@lerna/version,6.6.2,slash,5.1.0
@lerna/version,@lerna/version,6.6.2,ssri,13.0.0
@lerna/version,@lerna/version,6.6.2,tar,7.5.2
@lerna/version,@lerna/version,6.6.2,byte-size,9.0.1
@lerna/version,@lerna/version,6.6.2,has-unicode,2.0.1
@lerna/version,@lerna/version,6.6.2,npm-registry-fetch,19.1.1
@lerna/version,@lerna/version,6.6.2,write-pkg,7.0.0
@lerna/version,@lerna/version,6.6.2,libnpmpublish,11.1.3
@lerna/version,@lerna/version,6.6.2,@npmcli/package-json,7.0.4
@lerna/version,@lerna/version,6.6.2,ci-info,4.3.1
@lerna/version,@lerna/version,6.6.2,libnpmaccess,10.0.3
@lerna/version,@lerna/version,6.6.2,make-fetch-happen,15.0.3
@lerna/version,@lerna/version,6.6.2,@npmcli/arborist,9.1.7
@lerna/version,@lerna/version,6.6.2,npm-packlist,10.0.3
@lerna/version,@lerna/version,6.6.2,upath,2.0.1
@lerna/version,@lerna/version,6.6.2,inquirer,13.0.1
@lerna/version,@lerna/version,6.6.2,rimraf,6.1.2
@lerna/version,@lerna/version,6.6.2,@npmcli/run-script,10.0.3
@lerna/version,@lerna/version,6.6.2,is-stream,4.0.1
@lerna/version,@lerna/version,6.6.2,make-dir,5.1.0
@lerna/version,@lerna/version,6.6.2,temp-dir,3.0.0
@lerna/version,@lerna/version,6.6.2,uuid,13.0.0
@lerna/version,@lerna/version,6.6.2,@octokit/rest,22.0.1
@lerna/version,@lerna/version,6.6.2,git-url-parse,16.1.0
@lerna/version,@lerna/version,6.6.2,resolve-from,5.0.0
@lerna/version,@lerna/version,6.6.2,cosmiconfig,9.0.0
@lerna/version,@lerna/version,6.6.2,glob-parent,6.0.2
@lerna/version,@lerna/version,6.6.2,set-blocking,2.0.0
@lerna/version,@lerna/version,6.6.2,console-control-strings,1.1.0
@lerna/version,@lerna/version,6.6.2,color-support,1.1.3
@lerna/version,@lerna/version,6.6.2,aproba,2.1.0
@lerna/version,@lerna/version,6.6.2,wide-align,1.1.5
@lerna/version,@lerna/version,6.6.2,ini,6.0.0
@lerna/version,@lerna/version,6.6.2,pify,6.1.0
@lerna/version,@lerna/version,6.6.2,conventional-recommended-bump,11.2.0
@lerna/version,@lerna/version,6.6.2,conventional-changelog-core,9.0.0
@lerna/version,@lerna/version,6.6.2,get-stream,9.0.1
@lerna/version,@lerna/version,6.6.2,p-pipe,4.0.0
@lerna/version,@lerna/version,6.6.2,p-reduce,3.0.0
@lerna/version,@lerna/version,6.6.2,p-waterfall,3.0.0
@lerna/version,@lerna/version,6.6.2,pacote,21.0.4
@lerna/version,@lerna/version,6.6.2,envinfo,7.20.0
@lerna/version,@lerna/version,6.6.2,yargs-parser,22.0.0
@lerna/version,@lerna/version,6.6.2,init-package-json,8.2.4
@lerna/version,@lerna/version,6.6.2,validate-npm-package-license,3.0.4
@lerna/version,@lerna/version,6.6.2,validate-npm-package-name,7.0.0
@lerna/version,@lerna/version,6.6.2,through,2.3.8
@lerna/version,lerna,9.0.1,@nx/devkit,22.1.1
@lerna/version,lerna,9.0.1,fs-extra,11.3.2
@lerna/version,lerna,9.0.1,chalk,5.6.2
@lerna/version,lerna,9.0.1,yargs,18.0.0
@lerna/version,lerna,9.0.1,is-ci,4.1.0
@lerna/version,lerna,9.0.1,tmp,0.2.5
@lerna/version,lerna,9.0.1,semver,7.7.3
@lerna/version,lerna,9.0.1,execa,9.6.0
@lerna/version,lerna,9.0.1,pretty-format,30.2.0
@lerna/version,lerna,9.0.1,tinyglobby,0.2.15
@lerna/version,lerna,9.0.1,load-json-file,7.0.1
@lerna/version,lerna,9.0.1,cmd-shim,8.0.0
@lerna/version,lerna,9.0.1,multimatch,7.0.0
@lerna/version,lerna,9.0.1,columnify,1.6.0
@lerna/version,lerna,9.0.1,read-cmd-shim,6.0.0
@lerna/version,lerna,9.0.1,p-queue,9.0.1
@lerna/version,lerna,9.0.1,p-map,7.0.4
@lerna/version,lerna,9.0.1,p-map-series,3.0.0
@lerna/version,lerna,9.0.1,write-file-atomic,7.0.0
@lerna/version,lerna,9.0.1,npm-package-arg,13.0.2
@lerna/version,lerna,9.0.1,dedent,1.7.0
@lerna/version,lerna,9.0.1,minimatch,10.1.1
@lerna/version,lerna,9.0.1,slash,5.1.0
@lerna/version,lerna,9.0.1,ssri,13.0.0
@lerna/version,lerna,9.0.1,tar,7.5.2
@lerna/version,lerna,9.0.1,byte-size,9.0.1
@lerna/version,lerna,9.0.1,has-unicode,2.0.1
@lerna/version,lerna,9.0.1,npm-registry-fetch,19.1.1
@lerna/version,lerna,9.0.1,write-pkg,7.0.0
@lerna/version,lerna,9.0.1,libnpmpublish,11.1.3
@lerna/version,lerna,9.0.1,@npmcli/package-json,7.0.4
@lerna/version,lerna,9.0.1,ci-info,4.3.1
@lerna/version,lerna,9.0.1,libnpmaccess,10.0.3
@lerna/version,lerna,9.0.1,make-fetch-happen,15.0.3
@lerna/version,lerna,9.0.1,@npmcli/arborist,9.1.7
@lerna/version,lerna,9.0.1,npm-packlist,10.0.3
@lerna/version,lerna,9.0.1,upath,2.0.1
@lerna/version,lerna,9.0.1,inquirer,13.0.1
@lerna/version,lerna,9.0.1,rimraf,6.1.2
@lerna/version,lerna,9.0.1,@npmcli/run-script,10.0.3
@lerna/version,lerna,9.0.1,is-stream,4.0.1
@lerna/version,lerna,9.0.1,make-dir,5.1.0
@lerna/version,lerna,9.0.1,temp-dir,3.0.0
@lerna/version,lerna,9.0.1,uuid,13.0.0
@lerna/version,lerna,9.0.1,@octokit/rest,22.0.1
@lerna/version,lerna,9.0.1,git-url-parse,16.1.0
@lerna/version,lerna,9.0.1,resolve-from,5.0.0
@lerna/version,lerna,9.0.1,cosmiconfig,9.0.0
@lerna/version,lerna,9.0.1,glob-parent,6.0.2
@lerna/version,lerna,9.0.1,set-blocking,2.0.0
@lerna/version,lerna,9.0.1,console-control-strings,1.1.0
@lerna/version,lerna,9.0.1,color-support,1.1.3
@lerna/version,lerna,9.0.1,aproba,2.1.0
@lerna/version,lerna,9.0.1,wide-align,1.1.5
@lerna/version,lerna,9.0.1,ini,6.0.0
@lerna/version,lerna,9.0.1,pify,6.1.0
@lerna/version,lerna,9.0.1,conventional-recommended-bump,11.2.0
@lerna/version,lerna,9.0.1,conventional-changelog-core,9.0.0
@lerna/version,lerna,9.0.1,get-stream,9.0.1
@lerna/version,lerna,9.0.1,p-pipe,4.0.0
@lerna/version,lerna,9.0.1,p-reduce,3.0.0
@lerna/version,lerna,9.0.1,p-waterfall,3.0.0
@lerna/version,lerna,9.0.1,pacote,21.0.4
@lerna/version,lerna,9.0.1,envinfo,7.20.0
@lerna/version,lerna,9.0.1,yargs-parser,22.0.0
@lerna/version,lerna,9.0.1,init-package-json,8.2.4
@lerna/version,lerna,9.0.1,validate-npm-package-license,3.0.4
@lerna/version,lerna,9.0.1,validate-npm-package-name,7.0.0
@lerna/version,lerna,9.0.1,through,2.3.8
@lerna/version,@lerna/create,9.0.1,@nx/devkit,22.1.1
@lerna/version,@lerna/create,9.0.1,fs-extra,11.3.2
@lerna/version,@lerna/create,9.0.1,chalk,5.6.2
@lerna/version,@lerna/create,9.0.1,yargs,18.0.0
@lerna/version,@lerna/create,9.0.1,is-ci,4.1.0
@lerna/version,@lerna/create,9.0.1,tmp,0.2.5
@lerna/version,@lerna/create,9.0.1,semver,7.7.3
@lerna/version,@lerna/create,9.0.1,execa,9.6.0
@lerna/version,@lerna/create,9.0.1,pretty-format,30.2.0
@lerna/version,@lerna/create,9.0.1,tinyglobby,0.2.15
@lerna/version,@lerna/create,9.0.1,load-json-file,7.0.1
@lerna/version,@lerna/create,9.0.1,cmd-shim,8.0.0
@lerna/version,@lerna/create,9.0.1,multimatch,7.0.0
@lerna/version,@lerna/create,9.0.1,columnify,1.6.0
@lerna/version,@lerna/create,9.0.1,read-cmd-shim,6.0.0
@lerna/version,@lerna/create,9.0.1,p-queue,9.0.1
@lerna/version,@lerna/create,9.0.1,p-map,7.0.4
@lerna/version,@lerna/create,9.0.1,p-map-series,3.0.0
@lerna/version,@lerna/create,9.0.1,write-file-atomic,7.0.0
@lerna/version,@lerna/create,9.0.1,npm-package-arg,13.0.2
@lerna/version,@lerna/create,9.0.1,dedent,1.7.0
@lerna/version,@lerna/create,9.0.1,minimatch,10.1.1
@lerna/version,@lerna/create,9.0.1,slash,5.1.0
@lerna/version,@lerna/create,9.0.1,ssri,13.0.0
@lerna/version,@lerna/create,9.0.1,tar,7.5.2
@lerna/version,@lerna/create,9.0.1,byte-size,9.0.1
@lerna/version,@lerna/create,9.0.1,has-unicode,2.0.1
@lerna/version,@lerna/create,9.0.1,npm-registry-fetch,19.1.1
@lerna/version,@lerna/create,9.0.1,write-pkg,7.0.0
@lerna/version,@lerna/create,9.0.1,libnpmpublish,11.1.3
@lerna/version,@lerna/create,9.0.1,@npmcli/package-json,7.0.4
@lerna/version,@lerna/create,9.0.1,ci-info,4.3.1
@lerna/version,@lerna/create,9.0.1,make-fetch-happen,15.0.3
@lerna/version,@lerna/create,9.0.1,@npmcli/arborist,9.1.7
@lerna/version,@lerna/create,9.0.1,npm-packlist,10.0.3
@lerna/version,@lerna/create,9.0.1,upath,2.0.1
@lerna/version,@lerna/create,9.0.1,inquirer,13.0.1
@lerna/version,@lerna/create,9.0.1,rimraf,6.1.2
@lerna/version,@lerna/create,9.0.1,@npmcli/run-script,10.0.3
@lerna/version,@lerna/create,9.0.1,is-stream,4.0.1
@lerna/version,@lerna/create,9.0.1,make-dir,5.1.0
@lerna/version,@lerna/create,9.0.1,temp-dir,3.0.0
@lerna/version,@lerna/create,9.0.1,uuid,13.0.0
@lerna/version,@lerna/create,9.0.1,@octokit/rest,22.0.1
@lerna/version,@lerna/create,9.0.1,git-url-parse,16.1.0
@lerna/version,@lerna/create,9.0.1,resolve-from,5.0.0
@lerna/version,@lerna/create,9.0.1,cosmiconfig,9.0.0
@lerna/version,@lerna/create,9.0.1,glob-parent,6.0.2
@lerna/version,@lerna/create,9.0.1,set-blocking,2.0.0
@lerna/version,@lerna/create,9.0.1,console-control-strings,1.1.0
@lerna/version,@lerna/create,9.0.1,color-support,1.1.3
@lerna/version,@lerna/create,9.0.1,aproba,2.1.0
@lerna/version,@lerna/create,9.0.1,wide-align,1.1.5
@lerna/version,@lerna/create,9.0.1,ini,6.0.0
@lerna/version,@lerna/create,9.0.1,pify,6.1.0
@lerna/version,@lerna/create,9.0.1,conventional-recommended-bump,11.2.0
@lerna/version,@lerna/create,9.0.1,conventional-changelog-core,9.0.0
@lerna/version,@lerna/create,9.0.1,get-stream,9.0.1
@lerna/version,@lerna/create,9.0.1,p-reduce,3.0.0
@lerna/version,@lerna/create,9.0.1,pacote,21.0.4
@lerna/version,@lerna/create,9.0.1,yargs-parser,22.0.0
@lerna/version,@lerna/create,9.0.1,init-package-json,8.2.4
@lerna/version,@lerna/create,9.0.1,validate-npm-package-license,3.0.4
@lerna/version,@lerna/create,9.0.1,validate-npm-package-name,7.0.0
@lerna/version,@lerna/create,9.0.1,through,2.3.8
@lerna/npm-publish,@lerna/npm-publish,6.4.1,fs-extra,11.3.2
@lerna/npm-publish,@lerna/npm-publish,6.4.1,semver,7.7.3
@lerna/npm-publish,@lerna/npm-publish,6.4.1,tinyglobby,0.2.15
@lerna/npm-publish,@lerna/npm-publish,6.4.1,p-queue,9.0.1
@lerna/npm-publish,@lerna/npm-publish,6.4.1,p-map,7.0.4
@lerna/npm-publish,@lerna/npm-publish,6.4.1,npm-package-arg,13.0.2
@lerna/npm-publish,@lerna/npm-publish,6.4.1,minimatch,10.1.1
@lerna/npm-publish,@lerna/npm-publish,6.4.1,ssri,13.0.0
@lerna/npm-publish,@lerna/npm-publish,6.4.1,tar,7.5.2
@lerna/npm-publish,@lerna/npm-publish,6.4.1,has-unicode,2.0.1
@lerna/npm-publish,@lerna/npm-publish,6.4.1,npm-registry-fetch,19.1.1
@lerna/npm-publish,@lerna/npm-publish,6.4.1,libnpmpublish,11.1.3
@lerna/npm-publish,@lerna/npm-publish,6.4.1,@npmcli/package-json,7.0.4
@lerna/npm-publish,@lerna/npm-publish,6.4.1,ci-info,4.3.1
@lerna/npm-publish,@lerna/npm-publish,6.4.1,make-fetch-happen,15.0.3
@lerna/npm-publish,@lerna/npm-publish,6.4.1,inquirer,13.0.1
@lerna/npm-publish,@lerna/npm-publish,6.4.1,@npmcli/run-script,10.0.3
@lerna/npm-publish,@lerna/npm-publish,6.4.1,set-blocking,2.0.0
@lerna/npm-publish,@lerna/npm-publish,6.4.1,console-control-strings,1.1.0
@lerna/npm-publish,@lerna/npm-publish,6.4.1,color-support,1.1.3
@lerna/npm-publish,@lerna/npm-publish,6.4.1,aproba,2.1.0
@lerna/npm-publish,@lerna/npm-publish,6.4.1,wide-align,1.1.5
@lerna/npm-publish,@lerna/npm-publish,6.4.1,ini,6.0.0
@lerna/npm-publish,@lerna/npm-publish,6.4.1,pify,6.1.0
@lerna/npm-publish,@lerna/npm-publish,6.4.1,validate-npm-package-license,3.0.4
@lerna/npm-publish,@lerna/npm-publish,6.4.1,validate-npm-package-name,7.0.0
@lerna/npm-publish,@lerna/run-lifecycle,6.4.1,semver,7.7.3
@lerna/npm-publish,@lerna/run-lifecycle,6.4.1,tinyglobby,0.2.15
@lerna/npm-publish,@lerna/run-lifecycle,6.4.1,p-queue,9.0.1
@lerna/npm-publish,@lerna/run-lifecycle,6.4.1,p-map,7.0.4
@lerna/npm-publish,@lerna/run-lifecycle,6.4.1,npm-package-arg,13.0.2
@lerna/npm-publish,@lerna/run-lifecycle,6.4.1,minimatch,10.1.1
@lerna/npm-publish,@lerna/run-lifecycle,6.4.1,ssri,13.0.0
@lerna/npm-publish,@lerna/run-lifecycle,6.4.1,tar,7.5.2
@lerna/npm-publish,@lerna/run-lifecycle,6.4.1,has-unicode,2.0.1
@lerna/npm-publish,@lerna/run-lifecycle,6.4.1,@npmcli/package-json,7.0.4
@lerna/npm-publish,@lerna/run-lifecycle,6.4.1,make-fetch-happen,15.0.3
@lerna/npm-publish,@lerna/run-lifecycle,6.4.1,@npmcli/run-script,10.0.3
@lerna/npm-publish,@lerna/run-lifecycle,6.4.1,set-blocking,2.0.0
@lerna/npm-publish,@lerna/run-lifecycle,6.4.1,console-control-strings,1.1.0
@lerna/npm-publish,@lerna/run-lifecycle,6.4.1,color-support,1.1.3
@lerna/npm-publish,@lerna/run-lifecycle,6.4.1,aproba,2.1.0
@lerna/npm-publish,@lerna/run-lifecycle,6.4.1,wide-align,1.1.5
@lerna/npm-publish,@lerna/run-lifecycle,6.4.1,ini,6.0.0
@lerna/npm-publish,@lerna/run-lifecycle,6.4.1,pify,6.1.0
@lerna/npm-publish,@lerna/run-lifecycle,6.4.1,validate-npm-package-license,3.0.4
@lerna/npm-publish,@lerna/run-lifecycle,6.4.1,validate-npm-package-name,7.0.0
@lerna/npm-publish,@lerna/npm-conf,6.4.1,ini,6.0.0
@lerna/npm-publish,@lerna/npm-conf,6.4.1,pify,6.1.0
@lerna/npm-publish,@lerna/otplease,6.4.1,has-unicode,2.0.1
@lerna/npm-publish,@lerna/otplease,6.4.1,inquirer,13.0.1
@lerna/npm-publish,@lerna/otplease,6.4.1,set-blocking,2.0.0
@lerna/npm-publish,@lerna/otplease,6.4.1,console-control-strings,1.1.0
@lerna/npm-publish,@lerna/otplease,6.4.1,color-support,1.1.3
@lerna/npm-publish,@lerna/otplease,6.4.1,aproba,2.1.0
@lerna/npm-publish,@lerna/otplease,6.4.1,wide-align,1.1.5
@lerna/npm-publish,@lerna/prompt,6.4.1,has-unicode,2.0.1
@lerna/npm-publish,@lerna/prompt,6.4.1,inquirer,13.0.1
@lerna/npm-publish,@lerna/prompt,6.4.1,set-blocking,2.0.0
@lerna/npm-publish,@lerna/prompt,6.4.1,console-control-strings,1.1.0
@lerna/npm-publish,@lerna/prompt,6.4.1,color-support,1.1.3
@lerna/npm-publish,@lerna/prompt,6.4.1,aproba,2.1.0
@lerna/npm-publish,@lerna/prompt,6.4.1,wide-align,1.1.5
@lerna/query-graph,@lerna/query-graph,6.4.1,semver,7.7.3
@lerna/query-graph,@lerna/query-graph,6.4.1,npm-package-arg,13.0.2
@lerna/query-graph,@lerna/query-graph,6.4.1,has-unicode,2.0.1
@lerna/query-graph,@lerna/query-graph,6.4.1,set-blocking,2.0.0
@lerna/query-graph,@lerna/query-graph,6.4.1,console-control-strings,1.1.0
@lerna/query-graph,@lerna/query-graph,6.4.1,color-support,1.1.3
@lerna/query-graph,@lerna/query-graph,6.4.1,aproba,2.1.0
@lerna/query-graph,@lerna/query-graph,6.4.1,wide-align,1.1.5
@lerna/query-graph,@lerna/query-graph,6.4.1,validate-npm-package-name,7.0.0
@lerna/query-graph,@lerna/package-graph,6.4.1,semver,7.7.3
@lerna/query-graph,@lerna/package-graph,6.4.1,npm-package-arg,13.0.2
@lerna/query-graph,@lerna/package-graph,6.4.1,has-unicode,2.0.1
@lerna/query-graph,@lerna/package-graph,6.4.1,set-blocking,2.0.0
@lerna/query-graph,@lerna/package-graph,6.4.1,console-control-strings,1.1.0
@lerna/query-graph,@lerna/package-graph,6.4.1,color-support,1.1.3
@lerna/query-graph,@lerna/package-graph,6.4.1,aproba,2.1.0
@lerna/query-graph,@lerna/package-graph,6.4.1,wide-align,1.1.5
@lerna/query-graph,@lerna/package-graph,6.4.1,validate-npm-package-name,7.0.0
@lerna/query-graph,@lerna/prerelease-id-from-version,6.4.1,semver,7.7.3
@lerna/query-graph,@lerna/validation-error,6.4.1,has-unicode,2.0.1
@lerna/query-graph,@lerna/validation-error,6.4.1,set-blocking,2.0.0
@lerna/query-graph,@lerna/validation-error,6.4.1,console-control-strings,1.1.0
@lerna/query-graph,@lerna/validation-error,6.4.1,color-support,1.1.3
@lerna/query-graph,@lerna/validation-error,6.4.1,aproba,2.1.0
@lerna/query-graph,@lerna/validation-error,6.4.1,wide-align,1.1.5
metro-react-native-babel-transformer,metro-react-native-babel-transformer,0.77.0,@babel/traverse,7.28.5
metro-react-native-babel-transformer,metro-react-native-babel-transformer,0.77.0,@babel/parser,7.28.5
metro-react-native-babel-transformer,metro-react-native-babel-transformer,0.77.0,@babel/generator,7.28.5
metro-react-native-babel-transformer,metro-react-native-babel-transformer,0.77.0,@babel/template,7.27.2
metro-react-native-babel-transformer,metro-react-native-babel-preset,0.77.0,@babel/traverse,7.28.5
metro-react-native-babel-transformer,metro-react-native-babel-preset,0.77.0,@babel/parser,7.28.5
metro-react-native-babel-transformer,metro-react-native-babel-preset,0.77.0,@babel/generator,7.28.5
metro-react-native-babel-transformer,metro-react-native-babel-preset,0.77.0,@babel/template,7.27.2
vite-plugin-pwa,vite-plugin-pwa,1.1.0,rollup,4.53.3
@appium/types,@appium/types,1.1.1,lodash,4.17.21
@appium/types,@appium/logger,2.0.2,lodash,4.17.21
@lerna/create,@lerna/create,9.0.1,@nx/devkit,22.1.1
@lerna/create,@lerna/create,9.0.1,fs-extra,11.3.2
@lerna/create,@lerna/create,9.0.1,chalk,5.6.2
@lerna/create,@lerna/create,9.0.1,yargs,18.0.0
@lerna/create,@lerna/create,9.0.1,is-ci,4.1.0
@lerna/create,@lerna/create,9.0.1,tmp,0.2.5
@lerna/create,@lerna/create,9.0.1,semver,7.7.3
@lerna/create,@lerna/create,9.0.1,execa,9.6.0
@lerna/create,@lerna/create,9.0.1,pretty-format,30.2.0
@lerna/create,@lerna/create,9.0.1,tinyglobby,0.2.15
@lerna/create,@lerna/create,9.0.1,load-json-file,7.0.1
@lerna/create,@lerna/create,9.0.1,cmd-shim,8.0.0
@lerna/create,@lerna/create,9.0.1,multimatch,7.0.0
@lerna/create,@lerna/create,9.0.1,columnify,1.6.0
@lerna/create,@lerna/create,9.0.1,read-cmd-shim,6.0.0
@lerna/create,@lerna/create,9.0.1,p-queue,9.0.1
@lerna/create,@lerna/create,9.0.1,p-map,7.0.4
@lerna/create,@lerna/create,9.0.1,p-map-series,3.0.0
@lerna/create,@lerna/create,9.0.1,write-file-atomic,7.0.0
@lerna/create,@lerna/create,9.0.1,npm-package-arg,13.0.2
@lerna/create,@lerna/create,9.0.1,dedent,1.7.0
@lerna/create,@lerna/create,9.0.1,minimatch,10.1.1
@lerna/create,@lerna/create,9.0.1,slash,5.1.0
@lerna/create,@lerna/create,9.0.1,ssri,13.0.0
@lerna/create,@lerna/create,9.0.1,tar,7.5.2
@lerna/create,@lerna/create,9.0.1,byte-size,9.0.1
@lerna/create,@lerna/create,9.0.1,has-unicode,2.0.1
@lerna/create,@lerna/create,9.0.1,npm-registry-fetch,19.1.1
@lerna/create,@lerna/create,9.0.1,write-pkg,7.0.0
@lerna/create,@lerna/create,9.0.1,libnpmpublish,11.1.3
@lerna/create,@lerna/create,9.0.1,@npmcli/package-json,7.0.4
@lerna/create,@lerna/create,9.0.1,ci-info,4.3.1
@lerna/create,@lerna/create,9.0.1,make-fetch-happen,15.0.3
@lerna/create,@lerna/create,9.0.1,@npmcli/arborist,9.1.7
@lerna/create,@lerna/create,9.0.1,npm-packlist,10.0.3
@lerna/create,@lerna/create,9.0.1,upath,2.0.1
@lerna/create,@lerna/create,9.0.1,inquirer,13.0.1
@lerna/create,@lerna/create,9.0.1,rimraf,6.1.2
@lerna/create,@lerna/create,9.0.1,@npmcli/run-script,10.0.3
@lerna/create,@lerna/create,9.0.1,is-stream,4.0.1
@lerna/create,@lerna/create,9.0.1,make-dir,5.1.0
@lerna/create,@lerna/create,9.0.1,temp-dir,3.0.0
@lerna/create,@lerna/create,9.0.1,uuid,13.0.0
@lerna/create,@lerna/create,9.0.1,@octokit/rest,22.0.1
@lerna/create,@lerna/create,9.0.1,git-url-parse,16.1.0
@lerna/create,@lerna/create,9.0.1,resolve-from,5.0.0
@lerna/create,@lerna/create,9.0.1,cosmiconfig,9.0.0
@lerna/create,@lerna/create,9.0.1,glob-parent,6.0.2
@lerna/create,@lerna/create,9.0.1,set-blocking,2.0.0
@lerna/create,@lerna/create,9.0.1,console-control-strings,1.1.0
@lerna/create,@lerna/create,9.0.1,color-support,1.1.3
@lerna/create,@lerna/create,9.0.1,aproba,2.1.0
@lerna/create,@lerna/create,9.0.1,wide-align,1.1.5
@lerna/create,@lerna/create,9.0.1,ini,6.0.0
@lerna/create,@lerna/create,9.0.1,pify,6.1.0
@lerna/create,@lerna/create,9.0.1,conventional-recommended-bump,11.2.0
@lerna/create,@lerna/create,9.0.1,conventional-changelog-core,9.0.0
@lerna/create,@lerna/create,9.0.1,get-stream,9.0.1
@lerna/create,@lerna/create,9.0.1,p-reduce,3.0.0
@lerna/create,@lerna/create,9.0.1,pacote,21.0.4
@lerna/create,@lerna/create,9.0.1,yargs-parser,22.0.0
@lerna/create,@lerna/create,9.0.1,init-package-json,8.2.4
@lerna/create,@lerna/create,9.0.1,validate-npm-package-license,3.0.4
@lerna/create,@lerna/create,9.0.1,validate-npm-package-name,7.0.0
@lerna/create,@lerna/create,9.0.1,through,2.3.8
@google-cloud/pubsub,@google-cloud/pubsub,5.2.0,long,5.3.2
metro-transform-worker,metro-transform-worker,0.83.3,@babel/traverse,7.28.5
metro-transform-worker,metro-transform-worker,0.83.3,@babel/parser,7.28.5
metro-transform-worker,metro-transform-worker,0.83.3,@babel/generator,7.28.5
metro-transform-worker,metro-transform-worker,0.83.3,@babel/template,7.27.2
metro-transform-worker,metro-source-map,0.83.3,@babel/traverse,7.28.5
metro-transform-worker,metro-source-map,0.83.3,@babel/parser,7.28.5
metro-transform-worker,metro-source-map,0.83.3,@babel/generator,7.28.5
metro-transform-worker,metro-source-map,0.83.3,@babel/template,7.27.2
metro-transform-worker,metro-symbolicate,0.83.3,@babel/traverse,7.28.5
metro-transform-worker,metro-symbolicate,0.83.3,@babel/parser,7.28.5
metro-transform-worker,metro-symbolicate,0.83.3,@babel/generator,7.28.5
metro-transform-worker,metro-symbolicate,0.83.3,@babel/template,7.27.2
metro-transform-worker,metro-babel-transformer,0.83.3,@babel/traverse,7.28.5
metro-transform-worker,metro-babel-transformer,0.83.3,@babel/parser,7.28.5
metro-transform-worker,metro-babel-transformer,0.83.3,@babel/generator,7.28.5
metro-transform-worker,metro-babel-transformer,0.83.3,@babel/template,7.27.2
metro-transform-worker,metro,0.83.3,@babel/traverse,7.28.5
metro-transform-worker,metro,0.83.3,@babel/parser,7.28.5
metro-transform-worker,metro,0.83.3,@babel/generator,7.28.5
metro-transform-worker,metro,0.83.3,@babel/template,7.27.2
metro-transform-worker,metro-config,0.83.3,@babel/traverse,7.28.5
metro-transform-worker,metro-config,0.83.3,@babel/parser,7.28.5
metro-transform-worker,metro-config,0.83.3,@babel/generator,7.28.5
metro-transform-worker,metro-config,0.83.3,@babel/template,7.27.2
metro-babel-transformer,metro-babel-transformer,0.83.3,@babel/traverse,7.28.5
metro-babel-transformer,metro-babel-transformer,0.83.3,@babel/parser,7.28.5
metro-babel-transformer,metro-babel-transformer,0.83.3,@babel/generator,7.28.5
metro-babel-transformer,metro-babel-transformer,0.83.3,@babel/template,7.27.2
