seed,downloads,closureSize,closureExternalPhantomCount,rootExternalPhantomCount,vulnerablePhantomCount,observedAffectedPhantomCount,rollbackCandidatePhantomCount,strictRollbackVulnerable,affectedRangeRollbackCandidate,depcheckOkPackages,depcheckFailedPackages,depcheckMissingPackages,depcheckCoverage,fullyDepcheckCovered
@11ty/eleventy,2617810,110,0,0,0,0,0,false,false,108,3,0,0.972972972972973,false
@lumino/messaging,2622208,2,0,0,0,0,0,false,false,3,0,0,1,true
@lwc/jest-resolver,2631569,1,0,0,0,0,0,false,false,2,0,0,1,true
@resolver-engine/imports-fs,2635637,78,0,0,0,0,0,false,false,78,1,0,0.9873417721518988,false
@aws-sdk/client-database-migration-service,2638761,73,0,0,0,0,0,false,false,74,0,0,1,true
mml-react,2650339,91,0,0,0,0,0,false,false,91,1,0,0.9891304347826086,false
@hyperjump/pact,2655336,0,0,0,0,0,0,false,false,1,0,0,1,true
typedescriptor,2660775,1,0,0,0,0,0,false,false,0,2,0,0,false
pinst,2662203,0,0,0,0,0,0,false,false,1,0,0,1,true
@aws-amplify/graphql-model-transformer,2673629,19,0,0,0,0,0,false,false,20,0,0,1,true
@solana/wallet-adapter-coinhub,2703914,5,0,0,0,0,0,false,false,6,0,0,1,true
netrc-parser,2704069,24,0,0,0,0,0,false,false,25,0,0,1,true
request-stats,2710699,4,0,0,0,0,0,false,false,5,0,0,1,true
ember-data,2711851,279,3,0,1,0,1,false,true,189,91,0,0.675,false
@wordpress/blocks,2714779,77,0,0,0,0,0,false,false,72,6,0,0.9230769230769231,false
isutf8,2725606,0,0,0,0,0,0,false,false,1,0,0,1,true
expo-sqlite,2731693,1,0,0,0,0,0,false,false,1,1,0,0.5,false
pouchdb-collections,2739270,0,0,0,0,0,0,false,false,1,0,0,1,true
chai-dom,2739773,0,0,0,0,0,0,false,false,1,0,0,1,true
react-tweet,2742884,6,0,0,0,0,0,false,false,4,3,0,0.5714285714285714,false
@cypress/schematic,2750744,3,0,0,0,0,0,false,false,2,2,0,0.5,false
vue-cookies,2759405,0,0,0,0,0,0,false,false,1,0,0,1,true
@n8n/typeorm,2762575,49,0,0,0,0,0,false,false,49,1,0,0.98,false
@nx/express,2762931,435,0,0,0,0,0,false,false,295,141,0,0.676605504587156,false
popper-max-size-modifier,2769356,0,0,0,0,0,0,false,false,0,1,0,0,false
h3-compression,2775753,0,0,0,0,0,0,false,false,1,0,0,1,true
json-mask,2778807,0,0,0,0,0,0,false,false,1,0,0,1,true
babel-plugin-transform-vue-jsx,2782865,1,0,0,0,0,0,false,false,2,0,0,1,true
@pnpm/default-reporter,2784246,135,0,0,0,0,0,false,false,96,40,0,0.7058823529411765,false
ids,2791316,0,0,0,0,0,0,false,false,1,0,0,1,true
js-nacl,2793976,0,0,0,0,0,0,false,false,1,0,0,1,true
@nanostores/react,2794468,0,0,0,0,0,0,false,false,1,0,0,1,true
puppeteer-screen-recorder,2801265,4,0,0,0,0,0,false,false,5,0,0,1,true
realpath-missing,2804595,0,0,0,0,0,0,false,false,0,1,0,0,false
@inversifyjs/prototype-utils,2808425,1,0,0,0,0,0,false,false,0,2,0,0,false
@lwc/synthetic-shadow,2813053,0,0,0,0,0,0,false,false,0,1,0,0,false
envfile,2815283,0,0,0,0,0,0,false,false,1,0,0,1,true
@tamagui/use-window-dimensions,2820508,1,0,0,0,0,0,false,false,0,2,0,0,false
broccoli-terser-sourcemap,2820743,54,0,0,0,0,0,false,false,51,4,0,0.9272727272727272,false
@mantine/carousel,2820894,0,0,0,0,0,0,false,false,0,1,0,0,false
@tamagui/start-transition,2840760,0,0,0,0,0,0,false,false,0,1,0,0,false
awesome-imperative-promise,2843655,0,0,0,0,0,0,false,false,1,0,0,1,true
eslint-plugin-react-native-a11y,2846928,96,0,0,0,0,0,false,false,97,0,0,1,true
ip6,2847945,0,0,0,0,0,0,false,false,1,0,0,1,true
esbuild-plugin-browserslist,2851093,3,0,0,0,0,0,false,false,3,1,0,0.75,false
rss,2856922,3,0,0,0,0,0,false,false,4,0,0,1,true
@tamagui/accordion,2869207,34,0,0,0,0,0,false,false,0,35,0,0,false
bootstrap-select,2880678,0,0,0,0,0,0,false,false,1,0,0,1,true
typed-css-modules,2884592,39,0,0,0,0,0,false,false,39,1,0,0.975,false
esbuild-node-externals,2885353,6,0,0,0,0,0,false,false,6,1,0,0.8571428571428571,false
servie,2896404,3,0,0,0,0,0,false,false,4,0,0,1,true
gl,2903332,99,0,0,0,0,0,false,false,96,4,0,0.96,false
@aws-sdk/client-transcribe,2906785,72,0,0,0,0,0,false,false,73,0,0,1,true
react-file-icon,2907172,6,0,0,0,0,0,false,false,6,1,0,0.8571428571428571,false
@middy/http-cors,2918779,1,0,0,0,0,0,false,false,2,0,0,1,true
@elastic/charts,2920177,37,0,0,0,0,0,false,false,31,7,0,0.8157894736842105,false
@uppy/url,2923804,8,0,0,0,0,0,false,false,6,3,0,0.6666666666666666,false
@nuxt/ui,2925374,202,4,4,1,0,1,false,false,159,44,0,0.7832512315270936,false
@capacitor/synapse,2926801,0,0,0,0,0,0,false,false,0,1,0,0,false
path-extra,2933436,2,0,0,0,0,0,false,false,3,0,0,1,true
ml-spectra-processing,2982839,9,0,0,0,0,0,false,false,10,0,0,1,true
promise-deferred,2983548,2,0,0,0,0,0,false,false,3,0,0,1,true
eip55,2987465,13,0,0,0,0,0,false,false,14,0,0,1,true
nested-object-assign,2989552,0,0,0,0,0,0,false,false,1,0,0,1,true
@fastify/otel,2997486,16,0,0,0,0,0,false,false,16,1,0,0.9411764705882353,false
search-params,3009171,0,0,0,0,0,0,false,false,1,0,0,1,true
@solana/wallet-adapter-phantom,3020308,5,0,0,0,0,0,false,false,6,0,0,1,true
@storybook/testing-react,3021391,3,0,0,0,0,0,false,false,3,1,0,0.75,false
@node-rs/bcrypt-linux-x64-gnu,3024319,0,0,0,0,0,0,false,false,1,0,0,1,true
iframe-resizer-react,3043822,4,0,0,0,0,0,false,false,5,0,0,1,true
@tamagui/get-token,3055043,13,0,0,0,0,0,false,false,0,14,0,0,false
client-oauth2,3060565,19,0,0,0,0,0,false,false,20,0,0,1,true
@antv/algorithm,3073860,4,0,0,0,0,0,false,false,5,0,0,1,true
react-flip-move,3075101,0,0,0,0,0,0,false,false,0,1,0,0,false
lerna-changelog,3085114,88,0,0,0,0,0,false,false,86,3,0,0.9662921348314607,false
@lwc/style-compiler,3088087,9,0,0,0,0,0,false,false,8,2,0,0.8,false
@zendeskgarden/react-buttons,3098653,11,0,0,0,0,0,false,false,7,5,0,0.5833333333333334,false
n8n-nodes-chatwoot,3098921,0,0,0,0,0,0,false,false,1,0,0,1,true
@zag-js/element-rect,3102735,0,0,0,0,0,0,false,false,1,0,0,1,true
@types/i18n-js,3109681,4,0,0,0,0,0,false,false,4,1,0,0.8,false
@tiptap/vue-2,3116356,1,0,0,0,0,0,false,false,2,0,0,1,true
errorstacks,3122908,0,0,0,0,0,0,false,false,1,0,0,1,true
@figma/plugin-typings,3132529,0,0,0,0,0,0,false,false,1,0,0,1,true
semaphore-async-await,3140077,0,0,0,0,0,0,false,false,1,0,0,1,true
bitcoinjs-message,3154926,62,0,0,0,0,0,false,false,63,0,0,1,true
botframework-schema,3162796,3,0,0,0,0,0,false,false,1,3,0,0.25,false
@cdktf/node-pty-prebuilt-multiarch,3167235,32,0,0,0,0,0,false,false,32,1,0,0.9696969696969697,false
@tsparticles/shape-star,3180028,1,0,0,0,0,0,false,false,0,2,0,0,false
@types/dom-mediacapture-record,3181723,0,0,0,0,0,0,false,false,1,0,0,1,true
exa-js,3188080,10,0,0,0,0,0,false,false,10,1,0,0.9090909090909091,false
codesandbox-import-util-types,3217564,0,0,0,0,0,0,false,false,0,1,0,0,false
@miniflare/queues,3221671,32,0,0,0,0,0,false,false,32,1,0,0.9696969696969697,false
calculate-size,3227857,0,0,0,0,0,0,false,false,1,0,0,1,true
cypress-network-idle,3230092,0,0,0,0,0,0,false,false,1,0,0,1,true
@loaders.gl/crypto,3231358,8,0,0,0,0,0,false,false,5,4,0,0.5555555555555556,false
event-iterator,3240614,0,0,0,0,0,0,false,false,1,0,0,1,true
@types/babel-template,3242599,2,0,0,0,0,0,false,false,3,0,0,1,true
eslint-plugin-fp,3266129,6,0,0,0,0,0,false,false,7,0,0,1,true
@types/lodash.escaperegexp,3272274,1,0,0,0,0,0,false,false,2,0,0,1,true
@aws-cdk/aws-ec2,3290083,25,0,0,0,0,0,false,false,11,15,0,0.4230769230769231,false
@nuxtjs/eslint-module,3293265,86,0,0,0,0,0,false,false,76,11,0,0.8735632183908046,false
grpc,3301737,40,0,0,0,0,0,false,false,40,1,0,0.975609756097561,false
string-format-obj,3303471,0,0,0,0,0,0,false,false,1,0,0,1,true
mqemitter,3313752,4,0,0,0,0,0,false,false,5,0,0,1,true
@graphql-tools/webpack-loader-runtime,3322273,0,0,0,0,0,0,false,false,1,0,0,1,true
@storybook/addon-console,3324315,1,0,0,0,0,0,false,false,1,1,0,0.5,false
@escape.tech/graphql-armor-cost-limit,3324918,1,0,0,0,0,0,false,false,2,0,0,1,true
@feature-hub/core,3330140,2,0,0,0,0,0,false,false,2,1,0,0.6666666666666666,false
@opentelemetry/context-base,3340554,0,0,0,0,0,0,false,false,1,0,0,1,true
@carbon/feature-flags,3343690,1,0,0,0,0,0,false,false,1,1,0,0.5,false
@types/chai-dom,3357199,3,0,0,0,0,0,false,false,4,0,0,1,true
@types/flexsearch,3362966,1,0,0,0,0,0,false,false,1,1,0,0.5,false
bare-addon-resolve,3363195,2,0,0,0,0,0,false,false,3,0,0,1,true
rev-hash,3363762,0,0,0,0,0,0,false,false,1,0,0,1,true
@udecode/plate-heading,3375541,0,0,0,0,0,0,false,false,0,1,0,0,false
@jsverse/transloco-utils,3413003,17,0,0,0,0,0,false,false,18,0,0,1,true
@editorjs/editorjs,3418800,5,0,0,0,0,0,false,false,2,4,0,0.3333333333333333,false
@melt-ui/svelte,3420188,10,0,0,0,0,0,false,false,6,5,0,0.5454545454545454,false
@graphql-inspector/introspect-command,3423415,12,0,0,0,0,0,false,false,9,4,0,0.6923076923076923,false
react-native-performance,3423971,0,0,0,0,0,0,false,false,1,0,0,1,true
@types/jws,3452510,2,0,0,0,0,0,false,false,3,0,0,1,true
webpack-license-plugin,3454368,11,0,0,0,0,0,false,false,12,0,0,1,true
@graphql-inspector/cli,3462339,181,0,0,0,0,0,false,false,144,38,0,0.7912087912087912,false
@types/through2,3481062,2,0,0,0,0,0,false,false,3,0,0,1,true
unimodules-app-loader,3482705,0,0,0,0,0,0,false,false,0,1,0,0,false
ngx-spinner,3499189,1,0,0,0,0,0,false,false,2,0,0,1,true
@react-native-aria/utils,3502993,8,0,0,0,0,0,false,false,2,7,0,0.2222222222222222,false
@tamagui/react-native-use-pressable,3507543,0,0,0,0,0,0,false,false,0,1,0,0,false
@wordpress/private-apis,3514705,0,0,0,0,0,0,false,false,1,0,0,1,true
eslint-plugin-diff,3519102,0,0,0,0,0,0,false,false,1,0,0,1,true
to-ast,3525878,3,0,0,0,0,0,false,false,4,0,0,1,true
immutable-json-patch,3528943,0,0,0,0,0,0,false,false,1,0,0,1,true
mdast-util-to-nlcst,3534426,9,0,0,0,0,0,false,false,10,0,0,1,true
ripple-lib,3536624,21,0,0,0,0,0,false,false,21,1,0,0.9545454545454546,false
@glimmer/tracking,3544096,7,0,0,0,0,0,false,false,4,4,0,0.5,false
@pixi/filter-displacement,3551931,0,0,0,0,0,0,false,false,1,0,0,1,true
vue-docgen-loader,3557481,92,0,0,0,0,0,false,false,76,17,0,0.8172043010752689,false
ripple-lib-transactionparser,3573460,2,0,0,0,0,0,false,false,2,1,0,0.6666666666666666,false
markdown-it-link-attributes,3573983,0,0,0,0,0,0,false,false,1,0,0,1,true
@react-native-community/push-notification-ios,3576444,3,0,0,0,0,0,false,false,4,0,0,1,true
@pixi/mixin-cache-as-bitmap,3583583,0,0,0,0,0,0,false,false,1,0,0,1,true
mp4-muxer,3594263,2,0,0,0,0,0,false,false,3,0,0,1,true
seventh,3606857,1,0,0,0,0,0,false,false,2,0,0,1,true
@vaadin/text-field,3615006,20,0,0,0,0,0,false,false,21,0,0,1,true
@types/serverless,3624389,0,0,0,0,0,0,false,false,1,0,0,1,true
@pixi/spritesheet,3624524,0,0,0,0,0,0,false,false,1,0,0,1,true
deep-keys,3640346,0,0,0,0,0,0,false,false,1,0,0,1,true
typescript-strict-plugin,3645656,47,0,0,0,0,0,false,false,47,1,0,0.9791666666666666,false
@zendeskgarden/container-utilities,3668294,3,0,0,0,0,0,false,false,1,3,0,0.25,false
@statoscope/extensions,3681860,0,0,0,0,0,0,false,false,1,0,0,1,true
@solana-program/token,3687496,0,0,0,0,0,0,false,false,1,0,0,1,true
@pixi/app,3703692,0,0,0,0,0,0,false,false,1,0,0,1,true
broccoli-builder,3722657,21,0,0,0,0,0,false,false,21,1,0,0.9545454545454546,false
terminal-kit,3728628,18,10,10,1,0,1,false,false,19,0,0,1,true
vuln-vects,3742367,0,0,0,0,0,0,false,false,1,0,0,1,true
@heroui/use-aria-accordion,3761027,32,0,0,0,0,0,false,false,9,24,0,0.2727272727272727,false
express-static-gzip,3773695,20,0,0,0,0,0,false,false,21,0,0,1,true
@sagold/json-query,3780016,2,0,0,0,0,0,false,false,3,0,0,1,true
@syncfusion/ej2-pdf-export,3785321,2,0,0,0,0,0,false,false,0,3,0,0,false
@apollo/client-react-streaming,3806245,3,0,0,0,0,0,false,false,3,1,0,0.75,false
@heroui/accordion,3812718,48,0,0,0,0,0,false,false,9,40,0,0.1836734693877551,false
duckdb,3814827,63,0,0,0,0,0,false,false,62,2,0,0.96875,false
@memlab/core,3828977,194,0,0,0,0,0,false,false,193,2,0,0.9897435897435898,false
@types/assert,3842202,0,0,0,0,0,0,false,false,1,0,0,1,true
deck.gl,3861130,132,4,0,1,0,1,false,true,93,40,0,0.6992481203007519,false
@datadog/openfeature-node-server,3898296,3,0,0,0,0,0,false,false,2,2,0,0.5,false
redis-mock,3909042,0,0,0,0,0,0,false,false,1,0,0,1,true
libnpm,3920619,138,0,0,0,0,0,false,false,136,3,0,0.9784172661870504,false
@wordpress/deprecated,3931232,1,0,0,0,0,0,false,false,2,0,0,1,true
fbjs-scripts,3975187,95,0,0,0,0,0,false,false,65,31,0,0.6770833333333334,false
@metaplex-foundation/mpl-core,3988528,1,0,0,0,0,0,false,false,2,0,0,1,true
noop6,3990484,0,0,0,0,0,0,false,false,1,0,0,1,true
strip-url-auth,3996301,0,0,0,0,0,0,false,false,1,0,0,1,true
@nestjs/platform-ws,4011101,2,0,0,0,0,0,false,false,2,1,0,0.6666666666666666,false
playwright-webkit,4016908,1,0,0,0,0,0,false,false,2,0,0,1,true
coffee-loader,4026259,0,0,0,0,0,0,false,false,1,0,0,1,true
ranges-push,4026785,5,0,0,0,0,0,false,false,6,0,0,1,true
lil-uuid,4060649,0,0,0,0,0,0,false,false,1,0,0,1,true
crlf-normalize,4083139,5,0,0,0,0,0,false,false,4,2,0,0.6666666666666666,false
vite-plugin-lib-inject-css,4084809,4,0,0,0,0,0,false,false,4,1,0,0.8,false
@aws-sdk/util-stream,4086660,14,0,0,0,0,0,false,false,15,0,0,1,true
@react-pdf-viewer/print,4115548,1,0,0,0,0,0,false,false,2,0,0,1,true
@grpc/reflection,4161884,28,0,0,0,0,0,false,false,29,0,0,1,true
@heroui/popover,4168646,45,0,0,0,0,0,false,false,9,37,0,0.1956521739130435,false
@langchain/ollama,4172614,3,0,0,0,0,0,false,false,3,1,0,0.75,false
react-native-restart,4181298,0,0,0,0,0,0,false,false,1,0,0,1,true
loader.js,4200548,0,0,0,0,0,0,false,false,1,0,0,1,true
@heroui/use-is-mobile,4217984,3,0,0,0,0,0,false,false,1,3,0,0.25,false
node-gzip,4227648,0,0,0,0,0,0,false,false,1,0,0,1,true
testcafe-selector-generator,4264031,0,0,0,0,0,0,false,false,1,0,0,1,true
@types/elliptic,4268012,3,0,0,0,0,0,false,false,4,0,0,1,true
@opentelemetry/resource-detector-github,4319097,3,0,0,0,0,0,false,false,4,0,0,1,true
remark-github-blockquote-alert,4324909,4,0,0,0,0,0,false,false,5,0,0,1,true
@metaplex-foundation/beet-solana,4325044,88,0,0,0,0,0,false,false,82,7,0,0.9213483146067416,false
cache-parser,4330305,0,0,0,0,0,0,false,false,0,1,0,0,false
vue-json-pretty,4335811,0,0,0,0,0,0,false,false,1,0,0,1,true
bs-snippet-injector,4337224,0,0,0,0,0,0,false,false,0,1,0,0,false
handsontable,4347697,7,0,0,0,0,0,false,false,7,1,0,0.875,false
@datastructures-js/priority-queue,4349247,1,0,0,0,0,0,false,false,2,0,0,1,true
rc-form,4354925,15,0,0,0,0,0,false,false,10,6,0,0.625,false
@graphql-mesh/string-interpolation,4358135,5,0,0,0,0,0,false,false,5,1,0,0.8333333333333334,false
@tauri-apps/cli,4368293,0,0,0,0,0,0,false,false,1,0,0,1,true
@vercel/frameworks,4399759,4,0,0,0,0,0,false,false,3,2,0,0.6,false
jabber,4413663,0,0,0,0,0,0,false,false,1,0,0,1,true
@wordpress/warning,4428329,0,0,0,0,0,0,false,false,1,0,0,1,true
@mysten/sui,4428610,19,0,0,0,0,0,false,false,14,6,0,0.7,false
@types/extend,4444296,0,0,0,0,0,0,false,false,1,0,0,1,true
@tinyhttp/url,4449287,0,0,0,0,0,0,false,false,0,1,0,0,false
mongodb-core,4464446,8,0,0,0,0,0,false,false,9,0,0,1,true
codem-isoboxer,4472357,0,0,0,0,0,0,false,false,1,0,0,1,true
@docusaurus/plugin-css-cascade-layers,4481676,917,1,0,0,0,0,false,false,770,148,0,0.8387799564270153,false
tiny-jsonc,4484140,0,0,0,0,0,0,false,false,1,0,0,1,true
@nuxt/icon,4528547,82,0,0,0,0,0,false,false,79,4,0,0.9518072289156626,false
@uppy/progress-bar,4533693,3,0,0,0,0,0,false,false,2,2,0,0.5,false
gh-release-fetch,4551055,78,0,0,0,0,0,false,false,79,0,0,1,true
@tinyhttp/cookie-signature,4560782,0,0,0,0,0,0,false,false,0,1,0,0,false
lock-verify,4570520,14,0,0,0,0,0,false,false,14,1,0,0.9333333333333333,false
ember-cli-babel-plugin-helpers,4591495,0,0,0,0,0,0,false,false,1,0,0,1,true
symbol,4608932,0,0,0,0,0,0,false,false,1,0,0,1,true
babel-plugin-remove-debugger,4617049,0,0,0,0,0,0,false,false,0,1,0,0,false
lodash.repeat,4634613,0,0,0,0,0,0,false,false,1,0,0,1,true
babel-plugin-transform-define,4641824,92,0,0,0,0,0,false,false,93,0,0,1,true
@heroui/spinner,4648249,32,0,0,0,0,0,false,false,9,24,0,0.2727272727272727,false
create-react-app,4654919,57,0,0,0,0,0,false,false,55,3,0,0.9482758620689655,false
@types/karma,4685188,13,0,0,0,0,0,false,false,14,0,0,1,true
@netlify/run-utils,4688600,22,0,0,0,0,0,false,false,23,0,0,1,true
@heroui/dom-animation,4698787,0,0,0,0,0,0,false,false,0,1,0,0,false
@electron-forge/cli,4734204,348,0,0,0,0,0,false,false,303,46,0,0.8681948424068768,false
lodash._htmlescapes,4785283,0,0,0,0,0,0,false,false,1,0,0,1,true
react-d3-tree,4802078,28,0,0,0,0,0,false,false,24,5,0,0.8275862068965517,false
react-custom-scrollbars-2,4818727,13,0,0,0,0,0,false,false,11,3,0,0.7857142857142857,false
@storybook/addon-styling,4831445,57,0,0,0,0,0,false,false,48,10,0,0.8275862068965517,false
quibble,4833129,7,0,0,0,0,0,false,false,8,0,0,1,true
@thi.ng/hex,4837251,0,0,0,0,0,0,false,false,0,1,0,0,false
async.util.parallel,4848017,4,0,0,0,0,0,false,false,5,0,0,1,true
netlify-cli,4869266,766,2,0,0,0,0,false,false,701,66,0,0.9139504563233377,false
@nuxtjs/youch,4878642,3,0,0,0,0,0,false,false,4,0,0,1,true
@spruceid/siwe-parser,4895080,2,0,0,0,0,0,false,false,3,0,0,1,true
more-entropy,4927249,1,0,0,0,0,0,false,false,2,0,0,1,true
@pixi/display,4941546,0,0,0,0,0,0,false,false,1,0,0,1,true
@thi.ng/checks,4944128,0,0,0,0,0,0,false,false,0,1,0,0,false
@trezor/env-utils,4945438,4,0,0,0,0,0,false,false,4,1,0,0.8,false
maximatch,4976582,6,0,0,0,0,0,false,false,5,2,0,0.7142857142857143,false
@floating-ui/devtools,4980451,0,0,0,0,0,0,false,false,0,1,0,0,false
@loaders.gl/terrain,4993951,9,0,0,0,0,0,false,false,4,6,0,0.4,false
analytics-utils,4999832,2,0,0,0,0,0,false,false,1,2,0,0.3333333333333333,false
@types/yamljs,5005718,0,0,0,0,0,0,false,false,1,0,0,1,true
wiremock-rest-client,5013052,14,0,0,0,0,0,false,false,15,0,0,1,true
@codeceptjs/configure,5022642,2,0,0,0,0,0,false,false,3,0,0,1,true
@azure/ms-rest-azure-env,5044750,0,0,0,0,0,0,false,false,1,0,0,1,true
@types/progress,5046889,2,0,0,0,0,0,false,false,3,0,0,1,true
@metaplex-foundation/umi-options,5058006,0,0,0,0,0,0,false,false,0,1,0,0,false
react-toggle,5075613,1,0,0,0,0,0,false,false,2,0,0,1,true
@react-input/core,5078096,0,0,0,0,0,0,false,false,1,0,0,1,true
@babel/plugin-proposal-function-bind,5080470,1,0,0,0,0,0,false,false,1,1,0,0.5,false
@rsbuild/plugin-check-syntax,5105115,17,0,0,0,0,0,false,false,18,0,0,1,true
@stablelib/hkdf,5152365,4,0,0,0,0,0,false,false,0,5,0,0,false
bootstrap-datepicker,5155609,1,0,0,0,0,0,false,false,2,0,0,1,true
@nrwl/vite,5166100,292,0,0,0,0,0,false,false,207,86,0,0.7064846416382252,false
@uiw/react-md-editor,5200378,140,1,0,0,0,0,false,false,141,0,0,1,true
libsodium-wrappers-sumo,5246846,1,0,0,0,0,0,false,false,2,0,0,1,true
@aws-sdk/client-redshift-data,5262128,72,0,0,0,0,0,false,false,73,0,0,1,true
@pnpm/catalogs.resolver,5295434,3,0,0,0,0,0,false,false,0,4,0,0,false
ffmpeg-static,5298359,26,0,0,0,0,0,false,false,27,0,0,1,true
ember-router-generator,5299913,24,0,0,0,0,0,false,false,24,1,0,0.96,false
crosspath,5316705,2,0,0,0,0,0,false,false,3,0,0,1,true
@fluentui/react-textarea,5333452,21,0,0,0,0,0,false,false,6,16,0,0.2727272727272727,false
fast-shuffle,5340686,3,0,0,0,0,0,false,false,4,0,0,1,true
@fluentui/react-card,5341902,21,0,0,0,0,0,false,false,7,15,0,0.3181818181818182,false
@fluentui/react-input,5371796,21,0,0,0,0,0,false,false,6,16,0,0.2727272727272727,false
@types/url-join,5380805,1,0,0,0,0,0,false,false,1,1,0,0.5,false
boolify,5381776,0,0,0,0,0,0,false,false,1,0,0,1,true
@egjs/children-differ,5387542,1,0,0,0,0,0,false,false,2,0,0,1,true
fs-memo,5388882,0,0,0,0,0,0,false,false,1,0,0,1,true
streaming-json-stringify,5412459,11,0,0,0,0,0,false,false,12,0,0,1,true
hashring,5424396,2,0,0,0,0,0,false,false,2,1,0,0.6666666666666666,false
@webcomponents/webcomponentsjs,5440945,0,0,0,0,0,0,false,false,1,0,0,1,true
ansi-black,5441115,1,0,0,0,0,0,false,false,2,0,0,1,true
@react-hookz/web,5456528,1,0,0,0,0,0,false,false,2,0,0,1,true
lodash.topairs,5463367,0,0,0,0,0,0,false,false,1,0,0,1,true
vega-geo,5465066,26,10,10,1,0,1,false,true,24,3,0,0.8888888888888888,false
@graphql-codegen/import-types-preset,5465184,69,0,0,0,0,0,false,false,60,10,0,0.8571428571428571,false
bulma,5475596,0,0,0,0,0,0,false,false,1,0,0,1,true
@hono/zod-openapi,5500200,4,0,0,0,0,0,false,false,3,2,0,0.6,false
eslint-plugin-pnpm,5500280,14,0,0,0,0,0,false,false,13,2,0,0.8666666666666667,false
@daybrush/utils,5545121,0,0,0,0,0,0,false,false,1,0,0,1,true
@mapbox/geojson-coords,5567653,2,0,0,0,0,0,false,false,3,0,0,1,true
dragula,5570369,5,1,1,0,0,0,false,false,6,0,0,1,true
@near-js/transactions,5587109,20,0,0,0,0,0,false,false,17,4,0,0.8095238095238095,false
vega-parser,5594345,32,12,12,1,0,1,false,true,27,6,0,0.8181818181818182,false
broccoli-file-creator,5595651,39,0,0,0,0,0,false,false,36,4,0,0.9,false
react-otp-input,5627233,0,0,0,0,0,0,false,false,1,0,0,1,true
chakra-react-select,5629517,70,0,0,0,0,0,false,false,53,18,0,0.7464788732394366,false
parse-domain,5639918,12,0,0,0,0,0,false,false,13,0,0,1,true
zod-openapi,5700430,0,0,0,0,0,0,false,false,0,1,0,0,false
acorn-static-class-features,5720549,1,0,0,0,0,0,false,false,2,0,0,1,true
@ckeditor/ckeditor5-emoji,5751349,175,0,0,0,0,0,false,false,173,2,0,0.9885714285714285,false
text-mask-addons,5772597,0,0,0,0,0,0,false,false,1,0,0,1,true
power-assert-renderer-diagram,5809828,97,0,0,0,0,0,false,false,98,0,0,1,true
hbs,5826139,8,0,0,0,0,0,false,false,7,2,0,0.7777777777777778,false
@nrwl/nx-cloud,5855142,52,0,0,0,0,0,false,false,50,2,0,0.9615384615384616,false
@types/decompress,5864097,2,0,0,0,0,0,false,false,3,0,0,1,true
angular-oauth2-oidc,5865346,1,0,0,0,0,0,false,false,2,0,0,1,true
tagged-tag,5880239,0,0,0,0,0,0,false,false,1,0,0,1,true
extract-css-chunks-webpack-plugin,5882586,12,0,0,0,0,0,false,false,13,0,0,1,true
detect-it,5909683,0,0,0,0,0,0,false,false,1,0,0,1,true
@types/jqueryui,5936179,2,0,0,0,0,0,false,false,3,0,0,1,true
@egjs/list-differ,5958492,0,0,0,0,0,0,false,false,1,0,0,1,true
@cypress/listr-verbose-renderer,5964981,9,0,0,0,0,0,false,false,9,1,0,0.9,false
object-to-spawn-args,5982759,0,0,0,0,0,0,false,false,0,1,0,0,false
linux-platform-info,5985740,1,0,0,0,0,0,false,false,2,0,0,1,true
array-flat-polyfill,5992501,0,0,0,0,0,0,false,false,1,0,0,1,true
which-promise,5993910,5,0,0,0,0,0,false,false,5,1,0,0.8333333333333334,false
broccoli,5999406,188,0,0,0,0,0,false,false,165,24,0,0.873015873015873,false
vega-scale,6063530,11,7,7,1,0,1,false,true,11,1,0,0.9166666666666666,false
newman-reporter-htmlextra,6125781,42,0,0,0,0,0,false,false,42,1,0,0.9767441860465116,false
@applitools/eg-frpc,6132433,0,0,0,0,0,0,false,false,0,1,0,0,false
@arethetypeswrong/cli,6163352,49,0,0,0,0,0,false,false,47,3,0,0.94,false
@solana/wallet-standard-features,6163376,2,0,0,0,0,0,false,false,3,0,0,1,true
relative-time-format,6207417,0,0,0,0,0,0,false,false,1,0,0,1,true
spawn-args,6228573,0,0,0,0,0,0,false,false,1,0,0,1,true
react-datetime,6280944,5,0,0,0,0,0,false,false,5,1,0,0.8333333333333334,false
xhr2-cookies,6305553,1,0,0,0,0,0,false,false,2,0,0,1,true
lodash.support,6314991,0,0,0,0,0,0,false,false,1,0,0,1,true
@verdaccio/loaders,6336196,39,0,0,0,0,0,false,false,35,5,0,0.875,false
esbuild-plugin-copy,6343016,31,0,0,0,0,0,false,false,29,3,0,0.90625,false
svg-baker,6374790,126,0,0,0,0,0,false,false,124,3,0,0.9763779527559056,false
ms-rest-azure,6405765,87,0,0,0,0,0,false,false,84,4,0,0.9545454545454546,false
suf-log,6409188,1,0,0,0,0,0,false,false,2,0,0,1,true
connect-flash,6455976,0,0,0,0,0,0,false,false,1,0,0,1,true
passport-custom,6460728,1,0,0,0,0,0,false,false,2,0,0,1,true
uhyphen,6500209,0,0,0,0,0,0,false,false,1,0,0,1,true
@fluentui/react-popover,6528229,29,0,0,0,0,0,false,false,7,23,0,0.23333333333333334,false
@backstage/backend-plugin-api,6539723,137,0,0,0,0,0,false,false,126,11,0,0.9197080291970803,false
@vue/cli-plugin-unit-jest,6540590,319,1,0,0,0,0,false,false,244,76,0,0.7625,false
@astrojs/yaml2ts,6556923,1,0,0,0,0,0,false,false,1,1,0,0.5,false
create-storybook,6559636,37,0,0,0,0,0,false,false,29,9,0,0.7631578947368421,false
mimer,6575207,0,0,0,0,0,0,false,false,1,0,0,1,true
@types/joi,6586547,8,0,0,0,0,0,false,false,8,1,0,0.8888888888888888,false
@types/topojson-specification,6592571,1,0,0,0,0,0,false,false,2,0,0,1,true
@radix-ui/themes,6600716,77,0,0,0,0,0,false,false,72,6,0,0.9230769230769231,false
@opentelemetry/id-generator-aws-xray,6620928,4,0,0,0,0,0,false,false,5,0,0,1,true
@oclif/multi-stage-output,6631413,67,0,0,0,0,0,false,false,60,8,0,0.8823529411764706,false
@electron/packager,6681626,108,0,0,0,0,0,false,false,106,3,0,0.9724770642201835,false
testem,6733928,166,1,1,1,1,1,true,true,160,7,0,0.9580838323353293,false
parcel,6738721,114,0,0,0,0,0,false,false,47,68,0,0.40869565217391307,false
@rive-app/react-canvas,6765064,1,0,0,0,0,0,false,false,1,1,0,0.5,false
@types/json-diff,6808686,0,0,0,0,0,0,false,false,1,0,0,1,true
@intlify/core,6812680,4,0,0,0,0,0,false,false,1,4,0,0.2,false
postcss-import-resolver,6836697,3,0,0,0,0,0,false,false,4,0,0,1,true
unplugin-icons,6855526,27,0,0,0,0,0,false,false,27,1,0,0.9642857142857143,false
restify-errors,6869358,4,0,0,0,0,0,false,false,5,0,0,1,true
@huggingface/tasks,6876712,0,0,0,0,0,0,false,false,1,0,0,1,true
highlight-words,6898733,0,0,0,0,0,0,false,false,1,0,0,1,true
@inertiajs/core,6901452,33,0,0,0,0,0,false,false,34,0,0,1,true
remote-git-tags,6966286,0,0,0,0,0,0,false,false,1,0,0,1,true
npm-logical-tree,6971455,0,0,0,0,0,0,false,false,1,0,0,1,true
@tanstack/router-devtools,6982325,16,0,0,0,0,0,false,false,11,6,0,0.6470588235294118,false
eslint-typegen,6994346,6,0,0,0,0,0,false,false,6,1,0,0.8571428571428571,false
typescript-transform-paths,7003529,3,0,0,0,0,0,false,false,3,1,0,0.75,false
statsig-node,7019200,11,0,0,0,0,0,false,false,12,0,0,1,true
eslint-plugin-graphql,7020467,107,0,0,0,0,0,false,false,93,15,0,0.8611111111111112,false
eslint-plugin-sort-class-members,7061429,0,0,0,0,0,0,false,false,1,0,0,1,true
@nx/rollup,7083776,419,0,0,0,0,0,false,false,293,127,0,0.6976190476190476,false
canvas-fit,7113382,1,0,0,0,0,0,false,false,2,0,0,1,true
degit,7143440,0,0,0,0,0,0,false,false,1,0,0,1,true
common-sequence,7151115,0,0,0,0,0,0,false,false,1,0,0,1,true
passport-http-bearer,7151262,1,0,0,0,0,0,false,false,2,0,0,1,true
@libsql/linux-x64-gnu,7180510,0,0,0,0,0,0,false,false,1,0,0,1,true
@types/mock-fs,7204630,2,0,0,0,0,0,false,false,3,0,0,1,true
tailwind-config-viewer,7257029,136,0,0,0,0,0,false,false,136,1,0,0.9927007299270073,false
@types/snowflake-sdk,7283931,3,0,0,0,0,0,false,false,4,0,0,1,true
@math.gl/types,7357222,0,0,0,0,0,0,false,false,1,0,0,1,true
@types/method-override,7509227,0,0,0,0,0,0,false,false,1,0,0,1,true
vscode-markdown-languageservice,7517045,18,0,0,0,0,0,false,false,19,0,0,1,true
@libsql/hrana-client,7531528,12,0,0,0,0,0,false,false,12,1,0,0.9230769230769231,false
svg-path-bounds,7548349,5,0,0,0,0,0,false,false,4,2,0,0.6666666666666666,false
@azure/core-asynciterator-polyfill,7609364,0,0,0,0,0,0,false,false,0,1,0,0,false
tryor,7644520,0,0,0,0,0,0,false,false,1,0,0,1,true
@fig/complete-commander,7655038,1,0,0,0,0,0,false,false,1,1,0,0.5,false
@astrojs/language-server,7655041,71,1,0,0,0,0,false,false,67,5,0,0.9305555555555556,false
@tanstack/query-sync-storage-persister,7661202,2,0,0,0,0,0,false,false,3,0,0,1,true
clear,7680385,0,0,0,0,0,0,false,false,1,0,0,1,true
@aws-sdk/client-apigatewayv2,7764443,72,0,0,0,0,0,false,false,73,0,0,1,true
pnpm-sync-lib,7811479,6,0,0,0,0,0,false,false,2,5,0,0.2857142857142857,false
markdownlint-micromark,7816736,0,0,0,0,0,0,false,false,1,0,0,1,true
victory-cursor-container,7867737,25,0,0,0,0,0,false,false,20,6,0,0.7692307692307693,false
css-font-style-keywords,7900249,0,0,0,0,0,0,false,false,1,0,0,1,true
@auth0/nextjs-auth0,7989597,8,0,0,0,0,0,false,false,7,2,0,0.7777777777777778,false
@types/etag,8009918,2,0,0,0,0,0,false,false,3,0,0,1,true
css-modules-loader-core,8051423,14,0,0,0,0,0,false,false,15,0,0,1,true
funpermaproxy,8057932,0,0,0,0,0,0,false,false,1,0,0,1,true
typedi,8059842,0,0,0,0,0,0,false,false,1,0,0,1,true
is-browser,8110982,0,0,0,0,0,0,false,false,1,0,0,1,true
@shuding/opentype.js,8136226,91,0,0,0,0,0,false,false,91,1,0,0.9891304347826086,false
@verdaccio/streams,8165073,0,0,0,0,0,0,false,false,0,1,0,0,false
@unocss/preset-uno,8200388,7,0,0,0,0,0,false,false,2,6,0,0.25,false
@parcel/transformer-image,8304569,31,0,0,0,0,0,false,false,10,22,0,0.3125,false
@cosmjs/utils,8437013,0,0,0,0,0,0,false,false,0,1,0,0,false
@sap-devx/yeoman-ui-types,8465022,0,0,0,0,0,0,false,false,1,0,0,1,true
@typescript/native-preview,8466713,0,0,0,0,0,0,false,false,0,1,0,0,false
vue-jest,8491208,61,0,0,0,0,0,false,false,49,13,0,0.7903225806451613,false
glsl-token-scope,8496868,0,0,0,0,0,0,false,false,1,0,0,1,true
verdaccio,8507656,236,0,0,0,0,0,false,false,207,30,0,0.8734177215189873,false
tss-react,8515698,10,0,0,0,0,0,false,false,2,9,0,0.18181818181818182,false
@expo/eas-build-job,8544954,31,0,0,0,0,0,false,false,28,4,0,0.875,false
relay-compiler,8560828,0,0,0,0,0,0,false,false,0,1,0,0,false
@interactjs/types,8571803,0,0,0,0,0,0,false,false,0,1,0,0,false
downgrade-root,8610548,2,0,0,0,0,0,false,false,3,0,0,1,true
@iconify/react,8682625,1,0,0,0,0,0,false,false,2,0,0,1,true
babel-plugin-transform-async-to-promises,8692041,0,0,0,0,0,0,false,false,1,0,0,1,true
@turf/quadrat-analysis,8699047,207,0,0,0,0,0,false,false,189,19,0,0.9086538461538461,false
currency-symbol-map,8714142,0,0,0,0,0,0,false,false,1,0,0,1,true
@thednp/event-listener,8848719,0,0,0,0,0,0,false,false,1,0,0,1,true
json,8848979,0,0,0,0,0,0,false,false,1,0,0,1,true
@parcel/runtime-browser-hmr,8849827,31,0,0,0,0,0,false,false,10,22,0,0.3125,false
block-stream2,8876940,10,0,0,0,0,0,false,false,10,1,0,0.9090909090909091,false
@vendia/serverless-express,8885212,1,0,0,0,0,0,false,false,2,0,0,1,true
@rushstack/rush-http-build-cache-plugin,8888930,36,0,0,0,0,0,false,false,26,11,0,0.7027027027027027,false
lodash.isequalwith,8900804,0,0,0,0,0,0,false,false,1,0,0,1,true
@jsii/spec,8915062,5,0,0,0,0,0,false,false,6,0,0,1,true
d3-queue,8995680,0,0,0,0,0,0,false,false,1,0,0,1,true
eslint-plugin-eslint-plugin,9056561,3,0,0,0,0,0,false,false,4,0,0,1,true
cucumber,9223057,93,0,0,0,0,0,false,false,88,6,0,0.9361702127659575,false
@aws-sdk/client-lex-runtime-service,9228026,72,0,0,0,0,0,false,false,73,0,0,1,true
@embroider/shared-internals,9375374,23,0,0,0,0,0,false,false,20,4,0,0.8333333333333334,false
@unocss/config,9391616,7,0,0,0,0,0,false,false,6,2,0,0.75,false
grunt-contrib-copy,9439920,2,0,0,0,0,0,false,false,3,0,0,1,true
uzip,9445607,0,0,0,0,0,0,false,false,0,1,0,0,false
alce,9548249,2,0,0,0,0,0,false,false,3,0,0,1,true
radash,9634617,0,0,0,0,0,0,false,false,1,0,0,1,true
spdx-expression-validate,9646925,3,0,0,0,0,0,false,false,4,0,0,1,true
@ngrx/entity,9796514,1,0,0,0,0,0,false,false,1,1,0,0.5,false
react-final-form,9838962,1,0,0,0,0,0,false,false,1,1,0,0.5,false
trim-canvas,9937811,0,0,0,0,0,0,false,false,1,0,0,1,true
react-docgen-typescript-plugin,9938825,25,0,0,0,0,0,false,false,25,1,0,0.9615384615384616,false
blaze-install,9966940,96,0,0,0,0,0,false,false,78,19,0,0.8041237113402062,false
ripple-keypairs,9969091,7,0,0,0,0,0,false,false,8,0,0,1,true
@stdlib/constants-float64-min-base2-exponent-subnormal,9972399,0,0,0,0,0,0,false,false,1,0,0,1,true
@stdlib/number-float64-base-get-high-word,10056037,66,0,0,0,0,0,false,false,67,0,0,1,true
iron-session,10067090,3,0,0,0,0,0,false,false,3,1,0,0.75,false
@parcel/profiler,10149294,13,0,0,0,0,0,false,false,9,5,0,0.6428571428571429,false
multimap,10154421,0,0,0,0,0,0,false,false,1,0,0,1,true
unplugin-auto-import,10163507,28,0,0,0,0,0,false,false,27,2,0,0.9310344827586207,false
@jsforce/jsforce-node,10233480,61,0,0,0,0,0,false,false,62,0,0,1,true
@stdlib/os-float-word-order,10305204,16,0,0,0,0,0,false,false,17,0,0,1,true
moment-duration-format,10336013,0,0,0,0,0,0,false,false,1,0,0,1,true
@orval/swr,10342239,254,2,0,1,1,1,true,true,235,20,0,0.9215686274509803,false
@google-cloud/tasks,10418813,84,0,0,0,0,0,false,false,82,3,0,0.9647058823529412,false
@jimp/js-jpeg,10473715,20,0,0,0,0,0,false,false,14,7,0,0.6666666666666666,false
@types/glob-to-regexp,10475907,0,0,0,0,0,0,false,false,1,0,0,1,true
@nx/nest,10486923,451,0,0,0,0,0,false,false,308,144,0,0.6814159292035398,false
@browserbasehq/stagehand,10494027,183,0,0,0,0,0,false,false,171,13,0,0.9293478260869565,false
gradle-to-js,10532577,1,0,0,0,0,0,false,false,2,0,0,1,true
@stitches/core,10650689,0,0,0,0,0,0,false,false,1,0,0,1,true
@textlint/types,10666147,1,0,0,0,0,0,false,false,2,0,0,1,true
postcss-styled-syntax,10777831,1,0,0,0,0,0,false,false,2,0,0,1,true
clean-yaml-object,10799640,1,0,0,0,0,0,false,false,2,0,0,1,true
hpkp,10801676,0,0,0,0,0,0,false,false,1,0,0,1,true
@chakra-ui/tag,10820162,3,0,0,0,0,0,false,false,0,4,0,0,false
@chakra-ui/textarea,10835270,6,0,0,0,0,0,false,false,0,7,0,0,false
@stdlib/number-ctor,10902823,0,0,0,0,0,0,false,false,1,0,0,1,true
@chakra-ui/tooltip,10911478,12,0,0,0,0,0,false,false,0,13,0,0,false
@stdlib/assert-has-float64array-support,10966681,6,0,0,0,0,0,false,false,7,0,0,1,true
njwt,10968235,5,0,0,0,0,0,false,false,6,0,0,1,true
@yarnpkg/shell,10976300,32,0,0,0,0,0,false,false,26,7,0,0.7878787878787878,false
@chakra-ui/theme-utils,11069578,11,0,0,0,0,0,false,false,5,7,0,0.4166666666666667,false
@chakra-ui/visually-hidden,11071980,0,0,0,0,0,0,false,false,0,1,0,0,false
@chakra-ui/toast,11076624,21,0,0,0,0,0,false,false,5,17,0,0.22727272727272727,false
@lezer/java,11084820,3,0,0,0,0,0,false,false,4,0,0,1,true
ol,11086327,16,0,0,0,0,0,false,false,16,1,0,0.9411764705882353,false
koa-router,11211536,10,0,0,0,0,0,false,false,11,0,0,1,true
temporal-polyfill,11254832,1,0,0,0,0,0,false,false,2,0,0,1,true
@chakra-ui/transition,11260590,1,0,0,0,0,0,false,false,0,2,0,0,false
reserved,11427264,0,0,0,0,0,0,false,false,1,0,0,1,true
serialize-query-params,11459560,0,0,0,0,0,0,false,false,1,0,0,1,true
hyperid,11467715,5,0,0,0,0,0,false,false,6,0,0,1,true
@types/tsscmp,11563942,0,0,0,0,0,0,false,false,1,0,0,1,true
md5-o-matic,11586917,0,0,0,0,0,0,false,false,1,0,0,1,true
@tailwindcss/oxide-freebsd-x64,11635634,0,0,0,0,0,0,false,false,0,1,0,0,false
timezone-mock,11765875,0,0,0,0,0,0,false,false,1,0,0,1,true
react-inlinesvg,11909492,1,0,0,0,0,0,false,false,2,0,0,1,true
priorityqueuejs,12315175,0,0,0,0,0,0,false,false,1,0,0,1,true
string-ts,12341901,0,0,0,0,0,0,false,false,1,0,0,1,true
find-my-way-ts,12426015,0,0,0,0,0,0,false,false,1,0,0,1,true
@napi-rs/nice-linux-arm64-gnu,12546953,0,0,0,0,0,0,false,false,1,0,0,1,true
@reach/portal,12696762,1,0,0,0,0,0,false,false,0,2,0,0,false
webdriver-bidi-protocol,12976649,0,0,0,0,0,0,false,false,1,0,0,1,true
react-native-permissions,12979950,0,0,0,0,0,0,false,false,1,0,0,1,true
thunkify,13056213,0,0,0,0,0,0,false,false,1,0,0,1,true
uri-templates,13098699,0,0,0,0,0,0,false,false,1,0,0,1,true
@types/ioredis-mock,13137647,0,0,0,0,0,0,false,false,1,0,0,1,true
@appium/base-driver,13141625,195,2,2,2,2,2,true,true,193,3,0,0.9846938775510204,false
@parcel/compressor-raw,13243708,31,0,0,0,0,0,false,false,10,22,0,0.3125,false
unifont,13246534,8,0,0,0,0,0,false,false,9,0,0,1,true
snyk,13375926,148,0,0,0,0,0,false,false,136,13,0,0.912751677852349,false
temp-fs,13380019,9,0,0,0,0,0,false,false,8,2,0,0.8,false
deprecated-decorator,13383324,0,0,0,0,0,0,false,false,1,0,0,1,true
@material/drawer,13423298,13,0,0,0,0,0,false,false,14,0,0,1,true
@bufbuild/protoplugin,13474058,5,0,0,0,0,0,false,false,6,0,0,1,true
detective-less,13504478,9,0,0,0,0,0,false,false,10,0,0,1,true
@walletconnect/environment,13636605,1,0,0,0,0,0,false,false,2,0,0,1,true
formatio,13640164,1,0,0,0,0,0,false,false,2,0,0,1,true
discord-api-types,13714309,0,0,0,0,0,0,false,false,1,0,0,1,true
react-router-config,13731019,1,0,0,0,0,0,false,false,2,0,0,1,true
memdown,13747727,12,0,0,0,0,0,false,false,13,0,0,1,true
@hapi/h2o2,13793150,6,0,0,0,0,0,false,false,7,0,0,1,true
@visx/axis,14222023,46,0,0,0,0,0,false,false,35,12,0,0.7446808510638298,false
pkcs7,14361298,1,0,0,0,0,0,false,false,2,0,0,1,true
code-red,14413837,7,0,0,0,0,0,false,false,7,1,0,0.875,false
spex,14465566,0,0,0,0,0,0,false,false,1,0,0,1,true
isomorphic-git,14488085,54,0,0,0,0,0,false,false,55,0,0,1,true
pe-library,14551337,0,0,0,0,0,0,false,false,1,0,0,1,true
@swagger-api/apidom-parser-adapter-openapi-json-2,14570703,23,2,2,0,0,0,false,false,21,3,0,0.875,false
@opentelemetry/instrumentation-oracledb,14609943,15,0,0,0,0,0,false,false,16,0,0,1,true
eslint-rule-docs,14654689,0,0,0,0,0,0,false,false,1,0,0,1,true
imagemin-svgo,14719675,21,0,0,0,0,0,false,false,22,0,0,1,true
@types/slice-ansi,14859946,4,0,0,0,0,0,false,false,4,1,0,0.8,false
unconfig,15138678,5,0,0,0,0,0,false,false,6,0,0,1,true
@ckeditor/ckeditor5-autosave,15214888,175,0,0,0,0,0,false,false,173,2,0,0.9885714285714285,false
webfontloader,15234836,0,0,0,0,0,0,false,false,1,0,0,1,true
@visx/vendor,15250802,22,0,0,0,0,0,false,false,21,2,0,0.9130434782608695,false
@cspell/dict-en-gb,15264867,0,0,0,0,0,0,false,false,0,1,0,0,false
@ckeditor/ckeditor5-code-block,15304776,175,0,0,0,0,0,false,false,173,2,0,0.9885714285714285,false
graphology,15317011,1,0,0,0,0,0,false,false,1,1,0,0.5,false
@nx/plugin,15372400,425,0,0,0,0,0,false,false,287,139,0,0.6737089201877934,false
ndarray,15647531,2,0,0,0,0,0,false,false,3,0,0,1,true
babel-helper-mark-eval-scopes,15912993,0,0,0,0,0,0,false,false,0,1,0,0,false
@opentelemetry/instrumentation-xml-http-request,15955304,16,0,0,0,0,0,false,false,17,0,0,1,true
@zag-js/checkbox,16009892,7,0,0,0,0,0,false,false,8,0,0,1,true
@zag-js/menu,16066476,13,0,0,0,0,0,false,false,11,3,0,0.7857142857142857,false
override-require,16174512,0,0,0,0,0,0,false,false,1,0,0,1,true
@zag-js/switch,16259699,7,0,0,0,0,0,false,false,8,0,0,1,true
@loaders.gl/loader-utils,16268165,6,0,0,0,0,0,false,false,4,3,0,0.5714285714285714,false
@styled-system/border,16350667,2,0,0,0,0,0,false,false,1,2,0,0.3333333333333333,false
@microsoft/applicationinsights-dependencies-js,16364157,6,0,0,0,0,0,false,false,7,0,0,1,true
jsdom-global,16435671,0,0,0,0,0,0,false,false,1,0,0,1,true
@temporalio/proto,16451627,14,0,0,0,0,0,false,false,14,1,0,0.9333333333333333,false
memfs-or-file-map-to-github-branch,16468740,15,0,0,0,0,0,false,false,16,0,0,1,true
turbo-windows-64,16749275,0,0,0,0,0,0,false,false,1,0,0,1,true
@lerna/version,16756254,385,69,69,13,3,11,true,true,340,46,0,0.8808290155440415,false
@lerna/npm-publish,16758025,143,26,26,6,2,6,false,true,123,21,0,0.8541666666666666,false
@lerna/query-graph,16804506,23,9,9,1,0,1,false,true,24,0,0,1,true
@notionhq/client,16940763,0,0,0,0,0,0,false,false,1,0,0,1,true
@material/shape,17008799,4,0,0,0,0,0,false,false,5,0,0,1,true
write-yaml-file,17123356,5,0,0,0,0,0,false,false,6,0,0,1,true
@types/puppeteer,17189966,89,0,0,0,0,0,false,false,87,3,0,0.9666666666666667,false
@ucast/core,17327385,0,0,0,0,0,0,false,false,1,0,0,1,true
vue-devtools-stub,17494102,0,0,0,0,0,0,false,false,1,0,0,1,true
protoduck,17505231,1,0,0,0,0,0,false,false,2,0,0,1,true
stats.js,17509738,0,0,0,0,0,0,false,false,1,0,0,1,true
eslint-plugin-deprecation,17516113,20,0,0,0,0,0,false,false,12,9,0,0.5714285714285714,false
lodash._reescape,17534795,0,0,0,0,0,0,false,false,1,0,0,1,true
@types/he,17706485,0,0,0,0,0,0,false,false,1,0,0,1,true
@gitbeaker/rest,17896093,24,0,0,0,0,0,false,false,22,3,0,0.88,false
astro,17975735,265,0,0,0,0,0,false,false,244,22,0,0.9172932330827067,false
apollo-link-http-common,18013849,9,0,0,0,0,0,false,false,10,0,0,1,true
@cspell/dict-makefile,18069429,0,0,0,0,0,0,false,false,0,1,0,0,false
babel-plugin-syntax-async-generators,18169247,0,0,0,0,0,0,false,false,0,1,0,0,false
metro-react-native-babel-transformer,18228135,126,4,4,1,0,1,false,false,64,63,0,0.5039370078740157,false
lodash.lowercase,18500236,0,0,0,0,0,0,false,false,1,0,0,1,true
@elastic/transport,18534133,9,0,0,0,0,0,false,false,10,0,0,1,true
is-png,18534949,0,0,0,0,0,0,false,false,1,0,0,1,true
esbuild-linux-mips64le,18634752,0,0,0,0,0,0,false,false,0,1,0,0,false
@types/webpack-bundle-analyzer,18925885,91,0,0,0,0,0,false,false,84,8,0,0.9130434782608695,false
vite-plugin-pwa,18978022,317,1,1,1,1,1,false,true,251,67,0,0.789308176100629,false
python-struct,18992766,1,0,0,0,0,0,false,false,2,0,0,1,true
@turf/tin,19084784,3,0,0,0,0,0,false,false,4,0,0,1,true
@turf/isolines,19171051,6,0,0,0,0,0,false,false,7,0,0,1,true
@turf/concave,19241544,11,0,0,0,0,0,false,false,12,0,0,1,true
zxcvbn,19291323,0,0,0,0,0,0,false,false,1,0,0,1,true
wait-for-expect,19318200,0,0,0,0,0,0,false,false,1,0,0,1,true
web3-core,19520240,62,0,0,0,0,0,false,false,52,11,0,0.8253968253968254,false
@parcel/events,19623408,0,0,0,0,0,0,false,false,0,1,0,0,false
@ckeditor/ckeditor5-paragraph,19678548,175,0,0,0,0,0,false,false,173,2,0,0.9885714285714285,false
@asamuzakjp/nwsapi,19745327,0,0,0,0,0,0,false,false,1,0,0,1,true
postman-runtime,19796445,116,0,0,0,0,0,false,false,115,2,0,0.9829059829059829,false
@chakra-ui/theme,19813184,7,0,0,0,0,0,false,false,4,4,0,0.5,false
otplib,19864911,6,0,0,0,0,0,false,false,2,5,0,0.2857142857142857,false
static-module,19925903,49,0,0,0,0,0,false,false,49,1,0,0.98,false
esbuild-darwin-arm64,20010965,0,0,0,0,0,0,false,false,0,1,0,0,false
@turf/boolean-equal,20015900,7,0,0,0,0,0,false,false,8,0,0,1,true
dev-ip,20030059,0,0,0,0,0,0,false,false,1,0,0,1,true
@reactflow/controls,20103033,44,0,0,0,0,0,false,false,45,0,0,1,true
webpack-chain,20115725,2,0,0,0,0,0,false,false,2,1,0,0.6666666666666666,false
@radix-ui/colors,20308040,0,0,0,0,0,0,false,false,0,1,0,0,false
lodash.unescape,20371158,0,0,0,0,0,0,false,false,1,0,0,1,true
jay-peg,20593429,1,0,0,0,0,0,false,false,1,1,0,0.5,false
@turf/midpoint,20746623,7,0,0,0,0,0,false,false,8,0,0,1,true
@appium/types,20838404,14,1,1,1,1,1,true,true,14,1,0,0.9333333333333333,false
pg-cursor,21010763,0,0,0,0,0,0,false,false,1,0,0,1,true
@foliojs-fork/linebreak,21580466,4,0,0,0,0,0,false,false,4,1,0,0.8,false
expo-manifests,21595516,60,0,0,0,0,0,false,false,52,9,0,0.8524590163934426,false
mjml-cli,21660409,77,0,0,0,0,0,false,false,70,8,0,0.8974358974358975,false
@react-three/fiber,21665245,13,0,0,0,0,0,false,false,9,5,0,0.6428571428571429,false
mjml-head-attributes,21677737,75,0,0,0,0,0,false,false,68,8,0,0.8947368421052632,false
react-spring,22022956,10,0,0,0,0,0,false,false,0,11,0,0,false
@chakra-ui/theme-tools,22152696,6,0,0,0,0,0,false,false,4,3,0,0.5714285714285714,false
nitropack,22242065,294,0,0,0,0,0,false,false,272,23,0,0.9220338983050848,false
vinyl-contents,22276404,26,0,0,0,0,0,false,false,27,0,0,1,true
@csstools/postcss-sign-functions,22280023,3,0,0,0,0,0,false,false,4,0,0,1,true
@vue/babel-sugar-inject-h,22295041,2,0,0,0,0,0,false,false,2,1,0,0.6666666666666666,false
@cspell/dict-fullstack,22498523,0,0,0,0,0,0,false,false,0,1,0,0,false
mjml-validator,22518178,1,0,0,0,0,0,false,false,1,1,0,0.5,false
oxc-parser,22715533,1,0,0,0,0,0,false,false,0,2,0,0,false
@cspell/cspell-types,22740684,0,0,0,0,0,0,false,false,0,1,0,0,false
@babel/standalone,22934624,0,0,0,0,0,0,false,false,0,1,0,0,false
@petamoriken/float16,22951257,0,0,0,0,0,0,false,false,1,0,0,1,true
react-async-script,23052334,6,0,0,0,0,0,false,false,6,1,0,0.8571428571428571,false
babel-extract-comments,23073979,1,0,0,0,0,0,false,false,2,0,0,1,true
@cspell/dict-software-terms,23092833,0,0,0,0,0,0,false,false,0,1,0,0,false
csvtojson,23123258,1,0,0,0,0,0,false,false,2,0,0,1,true
shasum,23170213,33,0,0,0,0,0,false,false,34,0,0,1,true
@aws-sdk/md5-js,23219402,6,0,0,0,0,0,false,false,6,1,0,0.8571428571428571,false
cspell-trie-lib,23424570,3,0,0,0,0,0,false,false,1,3,0,0.25,false
broccoli-merge-trees,23561111,43,0,0,0,0,0,false,false,39,5,0,0.8863636363636364,false
request-light,23701702,0,0,0,0,0,0,false,false,1,0,0,1,true
eslint-config-standard-jsx,23722454,0,0,0,0,0,0,false,false,1,0,0,1,true
react-responsive,23747342,9,0,0,0,0,0,false,false,9,1,0,0.9,false
https,23878385,0,0,0,0,0,0,false,false,0,1,0,0,false
@storybook/manager-webpack4,24000902,301,0,0,0,0,0,false,false,259,43,0,0.8576158940397351,false
@types/liftoff,24017177,3,0,0,0,0,0,false,false,4,0,0,1,true
@react-types/form,24088945,1,0,0,0,0,0,false,false,0,2,0,0,false
hast-util-from-dom,24268724,8,0,0,0,0,0,false,false,9,0,0,1,true
@launchdarkly/node-server-sdk,24378567,8,0,0,0,0,0,false,false,6,3,0,0.6666666666666666,false
@turf/along,24385939,7,0,0,0,0,0,false,false,8,0,0,1,true
saucelabs,24391811,83,0,0,0,0,0,false,false,84,0,0,1,true
@types/swagger-ui-express,24707562,11,0,0,0,0,0,false,false,12,0,0,1,true
i18n-iso-countries,24745765,1,0,0,0,0,0,false,false,2,0,0,1,true
fs2,25073839,16,0,0,0,0,0,false,false,17,0,0,1,true
@types/chai-subset,25205590,0,0,0,0,0,0,false,false,1,0,0,1,true
simple-lru-cache,25959177,0,0,0,0,0,0,false,false,0,1,0,0,false
@chakra-ui/utils,25990836,3,0,0,0,0,0,false,false,3,1,0,0.75,false
@testing-library/react-native,26091152,14,0,0,0,0,0,false,false,7,8,0,0.4666666666666667,false
@redux-saga/types,26131722,0,0,0,0,0,0,false,false,0,1,0,0,false
@react-email/body,26223214,0,0,0,0,0,0,false,false,0,1,0,0,false
postcss-merge-idents,26269263,2,0,0,0,0,0,false,false,1,2,0,0.3333333333333333,false
@types/zen-observable,26612477,0,0,0,0,0,0,false,false,1,0,0,1,true
fetch-cookie,26749961,4,0,0,0,0,0,false,false,5,0,0,1,true
@algolia/autocomplete-preset-algolia,26801256,1,0,0,0,0,0,false,false,0,2,0,0,false
@mdn/browser-compat-data,27043015,0,0,0,0,0,0,false,false,1,0,0,1,true
@aws-sdk/eventstream-serde-config-resolver,27078980,3,0,0,0,0,0,false,false,2,2,0,0.5,false
hachure-fill,27105632,0,0,0,0,0,0,false,false,1,0,0,1,true
@aws-sdk/middleware-sdk-ec2,27128461,30,0,0,0,0,0,false,false,31,0,0,1,true
@amplitude/analytics-connector,27280168,0,0,0,0,0,0,false,false,0,1,0,0,false
@lexical/hashtag,27281810,10,0,0,0,0,0,false,false,10,1,0,0.9090909090909091,false
@jsep-plugin/ternary,27369586,0,0,0,0,0,0,false,false,0,1,0,0,false
react-stately,27379732,52,0,0,0,0,0,false,false,1,52,0,0.018867924528301886,false
ag-charts-types,27387577,0,0,0,0,0,0,false,false,0,1,0,0,false
number-allocator,27686150,3,0,0,0,0,0,false,false,3,1,0,0.75,false
@lexical/text,28100916,1,0,0,0,0,0,false,false,2,0,0,1,true
expo-linking,28183388,65,0,0,0,0,0,false,false,56,10,0,0.8484848484848485,false
@codemirror/lang-css,28368310,12,0,0,0,0,0,false,false,12,1,0,0.9230769230769231,false
lodash.filter,28456661,0,0,0,0,0,0,false,false,1,0,0,1,true
@cloudflare/workers-types,28483424,0,0,0,0,0,0,false,false,1,0,0,1,true
micro,28488291,13,0,0,0,0,0,false,false,14,0,0,1,true
points-on-curve,28572375,0,0,0,0,0,0,false,false,1,0,0,1,true
pretty,28808291,25,0,0,0,0,0,false,false,24,2,0,0.9230769230769231,false
rework-visit,28856284,0,0,0,0,0,0,false,false,0,1,0,0,false
css-unit-converter,28910203,0,0,0,0,0,0,false,false,1,0,0,1,true
lazy,29567647,0,0,0,0,0,0,false,false,0,1,0,0,false
@jimp/plugin-normalize,29780740,4,0,0,0,0,0,false,false,0,5,0,0,false
@types/react-beautiful-dnd,29797844,2,0,0,0,0,0,false,false,3,0,0,1,true
queue-lit,30048203,0,0,0,0,0,0,false,false,1,0,0,1,true
@parcel/watcher-wasm,30181750,9,0,0,0,0,0,false,false,10,0,0,1,true
find-test-names,30212282,14,0,0,0,0,0,false,false,14,1,0,0.9333333333333333,false
@ethersproject/json-wallets,30295199,34,0,0,0,0,0,false,false,35,0,0,1,true
js-message,30310374,0,0,0,0,0,0,false,false,1,0,0,1,true
@use-gesture/core,30622333,0,0,0,0,0,0,false,false,1,0,0,1,true
@nuxt/schema,30731245,7,0,0,0,0,0,false,false,6,2,0,0.75,false
@hapi/accept,30739713,2,0,0,0,0,0,false,false,3,0,0,1,true
enquire.js,30750217,0,0,0,0,0,0,false,false,1,0,0,1,true
@types/mkdirp,30828452,1,0,0,0,0,0,false,false,1,1,0,0.5,false
teen_process,31382642,6,0,0,0,0,0,false,false,7,0,0,1,true
node-pre-gyp,31872079,45,0,0,0,0,0,false,false,45,1,0,0.9782608695652174,false
@ethersproject/random,32053776,2,0,0,0,0,0,false,false,3,0,0,1,true
react-player,32873754,52,0,0,0,0,0,false,false,50,3,0,0.9433962264150944,false
eslint-plugin-standard,33804257,0,0,0,0,0,0,false,false,1,0,0,1,true
@unrs/resolver-binding-win32-arm64-msvc,34203906,0,0,0,0,0,0,false,false,1,0,0,1,true
@apollo/server-gateway-interface,34388316,18,0,0,0,0,0,false,false,18,1,0,0.9473684210526315,false
@stoplight/ordered-object-literal,34476326,0,0,0,0,0,0,false,false,1,0,0,1,true
@hapi/cryptiles,34905828,2,0,0,0,0,0,false,false,3,0,0,1,true
@octokit/webhooks,34951801,5,0,0,0,0,0,false,false,6,0,0,1,true
@sentry/node-core,35339287,11,0,0,0,0,0,false,false,9,3,0,0.75,false
@yarnpkg/esbuild-plugin-pnp,35476287,1,0,0,0,0,0,false,false,1,1,0,0.5,false
scrypt-js,35567665,0,0,0,0,0,0,false,false,1,0,0,1,true
regexp-ast-analysis,36085049,2,0,0,0,0,0,false,false,3,0,0,1,true
@fortawesome/react-fontawesome,36225075,0,0,0,0,0,0,false,false,1,0,0,1,true
@google-cloud/run,36488452,84,0,0,0,0,0,false,false,82,3,0,0.9647058823529412,false
@csstools/postcss-logical-overscroll-behavior,36565126,0,0,0,0,0,0,false,false,1,0,0,1,true
airbnb-prop-types,37681506,99,0,0,0,0,0,false,false,99,1,0,0.99,false
@react-stately/datepicker,37765862,11,0,0,0,0,0,false,false,1,11,0,0.08333333333333333,false
yamux-js,37936163,0,0,0,0,0,0,false,false,1,0,0,1,true
@storybook/nextjs,38326430,492,0,0,0,0,0,false,false,392,101,0,0.795131845841785,false
@walletconnect/types,38337798,38,0,0,0,0,0,false,false,38,1,0,0.9743589743589743,false
css-selector-parser,38369221,0,0,0,0,0,0,false,false,1,0,0,1,true
node-cleanup,38376765,0,0,0,0,0,0,false,false,1,0,0,1,true
printj,38403452,0,0,0,0,0,0,false,false,1,0,0,1,true
duration,38524995,9,0,0,0,0,0,false,false,10,0,0,1,true
@react-navigation/bottom-tabs,39222804,8,0,0,0,0,0,false,false,6,3,0,0.6666666666666666,false
cycle,39334026,0,0,0,0,0,0,false,false,0,1,0,0,false
pretty-quick,39497315,7,0,0,0,0,0,false,false,7,1,0,0.875,false
@pm2/js-api,39767319,7,0,0,0,0,0,false,false,8,0,0,1,true
@react-aria/dialog,40125598,28,0,0,0,0,0,false,false,9,20,0,0.3103448275862069,false
make-cancellable-promise,40343760,0,0,0,0,0,0,false,false,1,0,0,1,true
vuex,40598721,12,0,0,0,0,0,false,false,9,4,0,0.6923076923076923,false
universal-github-app-jwt,40606798,0,0,0,0,0,0,false,false,1,0,0,1,true
style-value-types,40955880,2,0,0,0,0,0,false,false,1,2,0,0.3333333333333333,false
@wdio/repl,40961532,2,0,0,0,0,0,false,false,2,1,0,0.6666666666666666,false
each-props,41766321,7,0,0,0,0,0,false,false,8,0,0,1,true
@ethersproject/address,42385601,7,0,0,0,0,0,false,false,8,0,0,1,true
@lerna/create,42498670,369,65,65,13,3,11,true,true,326,44,0,0.8810810810810811,false
hammerjs,42836860,0,0,0,0,0,0,false,false,1,0,0,1,true
abortcontroller-polyfill,42884847,0,0,0,0,0,0,false,false,1,0,0,1,true
@react-aria/selection,43217992,24,0,0,0,0,0,false,false,9,16,0,0.36,false
@img/sharp-libvips-darwin-arm64,43825573,0,0,0,0,0,0,false,false,0,1,0,0,false
linebreak,44245950,4,0,0,0,0,0,false,false,5,0,0,1,true
@rspack/binding-linux-x64-gnu,44918897,0,0,0,0,0,0,false,false,0,1,0,0,false
@storybook/addon-onboarding,45060802,0,0,0,0,0,0,false,false,0,1,0,0,false
original,46171724,3,0,0,0,0,0,false,false,4,0,0,1,true
treeify,46277506,0,0,0,0,0,0,false,false,1,0,0,1,true
vue-i18n,46381915,16,0,0,0,0,0,false,false,10,7,0,0.5882352941176471,false
@octokit/oauth-methods,46642550,8,0,0,0,0,0,false,false,9,0,0,1,true
@mswjs/cookies,47219023,0,0,0,0,0,0,false,false,0,1,0,0,false
cuint,47233248,0,0,0,0,0,0,false,false,1,0,0,1,true
timeout-signal,47788089,0,0,0,0,0,0,false,false,1,0,0,1,true
drizzle-orm,48058345,0,0,0,0,0,0,false,false,0,1,0,0,false
babel-plugin-transform-es2015-spread,48377070,3,0,0,0,0,0,false,false,2,2,0,0.5,false
babel-plugin-transform-es2015-block-scoping,48615681,19,0,0,0,0,0,false,false,13,7,0,0.65,false
node-polyfill-webpack-plugin,48823811,120,0,0,0,0,0,false,false,120,1,0,0.9917355371900827,false
babel-helper-call-delegate,48854228,19,0,0,0,0,0,false,false,13,7,0,0.65,false
app-module-path,49428841,0,0,0,0,0,0,false,false,1,0,0,1,true
regex-recursion,49447363,1,0,0,0,0,0,false,false,2,0,0,1,true
rc-progress,49721984,4,0,0,0,0,0,false,false,3,2,0,0.6,false
@google-cloud/pubsub,50561812,96,1,1,0,0,0,false,false,94,3,0,0.9690721649484536,false
libbase64,50806175,0,0,0,0,0,0,false,false,1,0,0,1,true
@react-native-community/cli-platform-android,50855565,87,0,0,0,0,0,false,false,84,4,0,0.9545454545454546,false
@types/react-syntax-highlighter,50889748,2,0,0,0,0,0,false,false,3,0,0,1,true
server-only,51486124,0,0,0,0,0,0,false,false,0,1,0,0,false
@zeit/schemas,51846326,0,0,0,0,0,0,false,false,1,0,0,1,true
@img/sharp-linux-arm64,52048933,0,0,0,0,0,0,false,false,1,0,0,1,true
@tiptap/extension-gapcursor,52441454,0,0,0,0,0,0,false,false,1,0,0,1,true
is-port-reachable,52693142,0,0,0,0,0,0,false,false,1,0,0,1,true
@tiptap/extension-strike,53126357,0,0,0,0,0,0,false,false,1,0,0,1,true
@next/swc-win32-x64-msvc,53887333,0,0,0,0,0,0,false,false,0,1,0,0,false
omggif,54383698,0,0,0,0,0,0,false,false,1,0,0,1,true
wkx,54445731,2,0,0,0,0,0,false,false,3,0,0,1,true
react-native-safe-area-context,54469244,0,0,0,0,0,0,false,false,1,0,0,1,true
errorhandler,54553165,5,0,0,0,0,0,false,false,6,0,0,1,true
worker-rpc,54575929,1,0,0,0,0,0,false,false,2,0,0,1,true
@angular/build,55308321,128,0,0,0,0,0,false,false,109,20,0,0.8449612403100775,false
true-case-path,55508958,0,0,0,0,0,0,false,false,1,0,0,1,true
@stripe/react-stripe-js,56145235,5,0,0,0,0,0,false,false,4,2,0,0.6666666666666666,false
typanion,57036200,0,0,0,0,0,0,false,false,1,0,0,1,true
nocache,57421364,0,0,0,0,0,0,false,false,1,0,0,1,true
@shikijs/engine-javascript,57673489,9,0,0,0,0,0,false,false,8,2,0,0.8,false
quote-unquote,58437261,0,0,0,0,0,0,false,false,1,0,0,1,true
rc-resize-observer,58581117,5,0,0,0,0,0,false,false,3,3,0,0.5,false
moo-color,60175463,1,0,0,0,0,0,false,false,2,0,0,1,true
aes-js,60460791,0,0,0,0,0,0,false,false,1,0,0,1,true
packet-reader,60602592,0,0,0,0,0,0,false,false,1,0,0,1,true
bunyan,60788856,16,0,0,0,0,0,false,false,16,1,0,0.9411764705882353,false
cssfontparser,61158457,0,0,0,0,0,0,false,false,1,0,0,1,true
jss,61506487,4,0,0,0,0,0,false,false,5,0,0,1,true
vue-loader,63271134,5,0,0,0,0,0,false,false,5,1,0,0.8333333333333334,false
sass-embedded-linux-x64,63456201,0,0,0,0,0,0,false,false,1,0,0,1,true
@types/content-disposition,63801410,0,0,0,0,0,0,false,false,1,0,0,1,true
init-package-json,64870936,33,0,0,0,0,0,false,false,33,1,0,0.9705882352941176,false
@apollo/utils.logger,64878241,0,0,0,0,0,0,false,false,1,0,0,1,true
underscore.string,64903432,2,0,0,0,0,0,false,false,3,0,0,1,true
@edsdk/n1ed-react,65771050,9,0,0,0,0,0,false,false,5,5,0,0.5,false
parchment,67122551,0,0,0,0,0,0,false,false,1,0,0,1,true
linkifyjs,67799812,0,0,0,0,0,0,false,false,1,0,0,1,true
killable,67934814,0,0,0,0,0,0,false,false,1,0,0,1,true
typeorm,68559170,63,0,0,0,0,0,false,false,63,1,0,0.984375,false
merge-options,69387332,1,0,0,0,0,0,false,false,2,0,0,1,true
should-type,69894821,0,0,0,0,0,0,false,false,1,0,0,1,true
@fortawesome/fontawesome-common-types,70288094,0,0,0,0,0,0,false,false,0,1,0,0,false
@ljharb/through,70301400,16,0,0,0,0,0,false,false,17,0,0,1,true
@vercel/nft,70706469,39,0,0,0,0,0,false,false,37,3,0,0.925,false
@codemirror/language,71025781,9,0,0,0,0,0,false,false,9,1,0,0.9,false
fs-exists-sync,71776282,0,0,0,0,0,0,false,false,1,0,0,1,true
load-tsconfig,72453388,0,0,0,0,0,0,false,false,0,1,0,0,false
@fastify/error,72965203,0,0,0,0,0,0,false,false,1,0,0,1,true
@mui/x-date-pickers,74603712,17,0,0,0,0,0,false,false,10,8,0,0.5555555555555556,false
wordwrapjs,75699770,0,0,0,0,0,0,false,false,1,0,0,1,true
babel-plugin-module-resolver,76765639,23,0,0,0,0,0,false,false,23,1,0,0.9583333333333334,false
utf-8-validate,76989125,1,0,0,0,0,0,false,false,2,0,0,1,true
promise-all-reject-late,77762485,0,0,0,0,0,0,false,false,0,1,0,0,false
multicast-dns-service-types,78389978,0,0,0,0,0,0,false,false,1,0,0,1,true
decompress-tarbz2,78795624,25,0,0,0,0,0,false,false,26,0,0,1,true
@headlessui/react,79492411,19,0,0,0,0,0,false,false,6,14,0,0.3,false
@vitejs/plugin-basic-ssl,79599673,0,0,0,0,0,0,false,false,1,0,0,1,true
@slack/web-api,80004246,36,0,0,0,0,0,false,false,33,4,0,0.8918918918918919,false
@flmngr/flmngr-react,80376877,2,0,0,0,0,0,false,false,1,2,0,0.3333333333333333,false
semver-truncate,80627990,1,0,0,0,0,0,false,false,2,0,0,1,true
@firebase/auth-types,81646828,0,0,0,0,0,0,false,false,0,1,0,0,false
react-syntax-highlighter,81759832,25,0,0,0,0,0,false,false,26,0,0,1,true
knip,82129722,30,0,0,0,0,0,false,false,26,5,0,0.8387096774193549,false
just-diff-apply,82340883,0,0,0,0,0,0,false,false,1,0,0,1,true
lolex,82617334,2,0,0,0,0,0,false,false,3,0,0,1,true
@firebase/webchannel-wrapper,82840726,0,0,0,0,0,0,false,false,0,1,0,0,false
wmf,83141637,0,0,0,0,0,0,false,false,1,0,0,1,true
@bundled-es-modules/tough-cookie,83501671,4,0,0,0,0,0,false,false,5,0,0,1,true
lit,83723497,5,0,0,0,0,0,false,false,6,0,0,1,true
@react-native/babel-plugin-codegen,83732241,61,0,0,0,0,0,false,false,53,9,0,0.8548387096774194,false
@nuxtjs/opencollective,84239948,7,0,0,0,0,0,false,false,8,0,0,1,true
postgres-range,85004756,0,0,0,0,0,0,false,false,1,0,0,1,true
merge-source-map,85606536,1,0,0,0,0,0,false,false,2,0,0,1,true
@angular/platform-browser-dynamic,85682417,1,0,0,0,0,0,false,false,1,1,0,0.5,false
@mrmlnc/readdir-enhanced,87167364,2,0,0,0,0,0,false,false,3,0,0,1,true
@types/d3-brush,87417586,1,0,0,0,0,0,false,false,2,0,0,1,true
ast-module-types,87677961,0,0,0,0,0,0,false,false,1,0,0,1,true
@types/d3-quadtree,87776835,0,0,0,0,0,0,false,false,1,0,0,1,true
mysql2,88883797,12,0,0,0,0,0,false,false,12,1,0,0.9230769230769231,false
babel-template,90240386,18,0,0,0,0,0,false,false,13,6,0,0.6842105263157895,false
raw-loader,95037046,10,0,0,0,0,0,false,false,11,0,0,1,true
metro-transform-worker,95284235,145,4,4,1,0,1,false,false,123,22,0,0.8482758620689655,false
@volar/typescript,96565572,4,0,0,0,0,0,false,false,5,0,0,1,true
watchpack-chokidar2,97854866,2,0,0,0,0,0,false,false,3,0,0,1,true
text-segmentation,100222399,2,0,0,0,0,0,false,false,3,0,0,1,true
metro-babel-transformer,100383085,42,4,4,1,0,1,false,false,37,6,0,0.8604651162790697,false
jsonschema,109800044,0,0,0,0,0,0,false,false,1,0,0,1,true
node-machine-id,110110615,0,0,0,0,0,0,false,false,1,0,0,1,true
@hapi/bourne,110183890,0,0,0,0,0,0,false,false,1,0,0,1,true
@storybook/builder-webpack5,110566670,183,0,0,0,0,0,false,false,165,19,0,0.8967391304347826,false
strip-outer,111782370,0,0,0,0,0,0,false,false,1,0,0,1,true
input-otp,112088599,0,0,0,0,0,0,false,false,0,1,0,0,false
columnify,117417934,4,0,0,0,0,0,false,false,5,0,0,1,true
@webassemblyjs/helper-code-frame,117586645,7,0,0,0,0,0,false,false,8,0,0,1,true
@commitlint/read,119763151,20,0,0,0,0,0,false,false,19,2,0,0.9047619047619048,false
@prisma/engines-version,120262532,0,0,0,0,0,0,false,false,1,0,0,1,true
fast-text-encoding,121226955,0,0,0,0,0,0,false,false,1,0,0,1,true
postcss-opacity-percentage,123835817,0,0,0,0,0,0,false,false,1,0,0,1,true
d3-force,127828453,3,0,0,0,0,0,false,false,4,0,0,1,true
copy-concurrently,127831332,26,0,0,0,0,0,false,false,26,1,0,0.9629629629629629,false
move-concurrently,128709812,27,0,0,0,0,0,false,false,27,1,0,0.9642857142857143,false
bootstrap,128943610,0,0,0,0,0,0,false,false,1,0,0,1,true
css,131105718,5,0,0,0,0,0,false,false,5,1,0,0.8333333333333334,false
zen-observable-ts,134406621,2,0,0,0,0,0,false,false,3,0,0,1,true
swagger-ui-dist,135641936,1,0,0,0,0,0,false,false,2,0,0,1,true
babel-plugin-syntax-trailing-function-commas,141592974,0,0,0,0,0,0,false,false,0,1,0,0,false
@radix-ui/react-hover-card,142026473,22,0,0,0,0,0,false,false,19,4,0,0.8260869565217391,false
term-size,142364275,0,0,0,0,0,0,false,false,1,0,0,1,true
workbox-core,142700609,0,0,0,0,0,0,false,false,1,0,0,1,true
help-me,146042316,0,0,0,0,0,0,false,false,1,0,0,1,true
tsconfck,146390277,0,0,0,0,0,0,false,false,0,1,0,0,false
is-yarn-global,148690214,0,0,0,0,0,0,false,false,1,0,0,1,true
request-promise-core,149220712,1,0,0,0,0,0,false,false,2,0,0,1,true
@pnpm/npm-conf,149284085,6,0,0,0,0,0,false,false,5,2,0,0.7142857142857143,false
@opentelemetry/instrumentation-hapi,153876187,13,0,0,0,0,0,false,false,14,0,0,1,true
is-upper-case,154457301,0,0,0,0,0,0,false,false,1,0,0,1,true
@firebase/logger,155535224,1,0,0,0,0,0,false,false,1,1,0,0.5,false
engine.io-client,161794071,6,0,0,0,0,0,false,false,7,0,0,1,true
@mui/styled-engine,163512386,16,0,0,0,0,0,false,false,7,10,0,0.4117647058823529,false
jest-junit,165326354,5,0,0,0,0,0,false,false,6,0,0,1,true
conventional-changelog-conventionalcommits,165767174,5,0,0,0,0,0,false,false,5,1,0,0.8333333333333334,false
postcss-gap-properties,166499486,0,0,0,0,0,0,false,false,1,0,0,1,true
yarn,167306409,0,0,0,0,0,0,false,false,0,1,0,0,false
@formatjs/icu-skeleton-parser,167801694,5,0,0,0,0,0,false,false,6,0,0,1,true
postcss-preset-env,170075481,90,0,0,0,0,0,false,false,89,2,0,0.978021978021978,false
d3-drag,171402042,2,0,0,0,0,0,false,false,3,0,0,1,true
toggle-selection,176066077,0,0,0,0,0,0,false,false,1,0,0,1,true
parse-filepath,177741240,8,0,0,0,0,0,false,false,9,0,0,1,true
@aws-sdk/client-cognito-identity,178768297,72,0,0,0,0,0,false,false,73,0,0,1,true
@esbuild/linux-mips64el,187692689,0,0,0,0,0,0,false,false,0,1,0,0,false
js-base64,188373196,0,0,0,0,0,0,false,false,1,0,0,1,true
@opentelemetry/instrumentation-http,189673553,14,0,0,0,0,0,false,false,15,0,0,1,true
babel-core,192805827,39,0,0,0,0,0,false,false,28,11,0,0.717948717948718,false
@pmmmwh/react-refresh-webpack-plugin,196506069,15,0,0,0,0,0,false,false,16,0,0,1,true
@inquirer/expand,197980700,13,0,0,0,0,0,false,false,9,5,0,0.6428571428571429,false
react-smooth,198535881,10,0,0,0,0,0,false,false,8,3,0,0.7272727272727273,false
preact,203435115,0,0,0,0,0,0,false,false,1,0,0,1,true
@mapbox/node-pre-gyp,205886373,20,0,0,0,0,0,false,false,21,0,0,1,true
@jridgewell/remapping,207493130,4,0,0,0,0,0,false,false,5,0,0,1,true
is-builtin-module,220427200,1,0,0,0,0,0,false,false,2,0,0,1,true
@faker-js/faker,220519908,0,0,0,0,0,0,false,false,1,0,0,1,true
google-gax,229346147,83,0,0,0,0,0,false,false,81,3,0,0.9642857142857143,false
pacote,238406748,89,0,0,0,0,0,false,false,87,3,0,0.9666666666666667,false
md5,239776083,3,0,0,0,0,0,false,false,4,0,0,1,true
mlly,245818628,6,0,0,0,0,0,false,false,7,0,0,1,true
@npmcli/git,246929451,16,0,0,0,0,0,false,false,17,0,0,1,true
async-limiter,251029045,0,0,0,0,0,0,false,false,1,0,0,1,true
browser-stdout,253269722,0,0,0,0,0,0,false,false,1,0,0,1,true
parse-ms,256603067,0,0,0,0,0,0,false,false,1,0,0,1,true
@types/responselike,257714004,2,0,0,0,0,0,false,false,3,0,0,1,true
findup-sync,259792462,19,0,0,0,0,0,false,false,20,0,0,1,true
quick-format-unescaped,260680684,0,0,0,0,0,0,false,false,1,0,0,1,true
is-what,262959730,0,0,0,0,0,0,false,false,1,0,0,1,true
debounce,267689503,0,0,0,0,0,0,false,false,1,0,0,1,true
@vue/compiler-sfc,268747554,17,0,0,0,0,0,false,false,13,5,0,0.7222222222222222,false
@hookform/resolvers,269151068,1,0,0,0,0,0,false,false,2,0,0,1,true
@svgr/babel-plugin-svg-em-dimensions,272367219,0,0,0,0,0,0,false,false,0,1,0,0,false
npm-pick-manifest,276718991,8,0,0,0,0,0,false,false,9,0,0,1,true
bonjour-service,277651421,5,0,0,0,0,0,false,false,6,0,0,1,true
@types/sockjs,279727125,2,0,0,0,0,0,false,false,3,0,0,1,true
@types/bonjour,281740122,2,0,0,0,0,0,false,false,3,0,0,1,true
fast-equals,282926307,0,0,0,0,0,0,false,false,1,0,0,1,true
builtins,284955787,1,0,0,0,0,0,false,false,2,0,0,1,true
file-loader,286337147,10,0,0,0,0,0,false,false,11,0,0,1,true
micromark-util-html-tag-name,288277268,0,0,0,0,0,0,false,false,1,0,0,1,true
tsx,294370247,3,0,0,0,0,0,false,false,3,1,0,0.75,false
basic-ftp,302709147,0,0,0,0,0,0,false,false,1,0,0,1,true
pseudomap,304364846,0,0,0,0,0,0,false,false,1,0,0,1,true
object-visit,322501547,1,0,0,0,0,0,false,false,2,0,0,1,true
postcss-normalize-display-values,323910434,1,0,0,0,0,0,false,false,1,1,0,0.5,false
superagent,327979744,43,0,0,0,0,0,false,false,44,0,0,1,true
registry-url,335195347,2,0,0,0,0,0,false,false,3,0,0,1,true
@csstools/css-parser-algorithms,339865742,0,0,0,0,0,0,false,false,1,0,0,1,true
source-map-url,340612001,0,0,0,0,0,0,false,false,1,0,0,1,true
character-reference-invalid,347287601,0,0,0,0,0,0,false,false,1,0,0,1,true
select-hose,349886373,0,0,0,0,0,0,false,false,1,0,0,1,true
@smithy/eventstream-serde-browser,350222095,11,0,0,0,0,0,false,false,9,3,0,0.75,false
untildify,350224726,0,0,0,0,0,0,false,false,1,0,0,1,true
wbuf,352033498,1,0,0,0,0,0,false,false,2,0,0,1,true
pg-protocol,360296357,0,0,0,0,0,0,false,false,1,0,0,1,true
dns-packet,362320668,1,0,0,0,0,0,false,false,2,0,0,1,true
batch,363540655,0,0,0,0,0,0,false,false,1,0,0,1,true
color-support,377534208,0,0,0,0,0,0,false,false,1,0,0,1,true
@tybys/wasm-util,385955713,1,0,0,0,0,0,false,false,2,0,0,1,true
@swc/core,387709597,2,0,0,0,0,0,false,false,1,2,0,0.3333333333333333,false
d3-scale,388293890,7,0,0,0,0,0,false,false,7,1,0,0.875,false
typescript-eslint,389382586,26,0,0,0,0,0,false,false,14,13,0,0.5185185185185185,false
unified,398475477,10,0,0,0,0,0,false,false,11,0,0,1,true
console-control-strings,411781519,0,0,0,0,0,0,false,false,1,0,0,1,true
pg-types,418021403,8,0,0,0,0,0,false,false,9,0,0,1,true
for-in,437622043,0,0,0,0,0,0,false,false,1,0,0,1,true
string.prototype.repeat,440583658,89,0,0,0,0,0,false,false,90,0,0,1,true
tinyspy,449090422,0,0,0,0,0,0,false,false,1,0,0,1,true
wide-align,451373925,4,0,0,0,0,0,false,false,5,0,0,1,true
clean-css,459438792,1,0,0,0,0,0,false,false,2,0,0,1,true
node-gyp-build,480074031,0,0,0,0,0,0,false,false,1,0,0,1,true
tinyexec,483154509,0,0,0,0,0,0,false,false,1,0,0,1,true
google-auth-library,501523648,31,0,0,0,0,0,false,false,30,2,0,0.9375,false
@protobufjs/aspromise,502465517,0,0,0,0,0,0,false,false,1,0,0,1,true
tree-kill,524542741,0,0,0,0,0,0,false,false,1,0,0,1,true
isstream,529150622,0,0,0,0,0,0,false,false,1,0,0,1,true
minipass-collect,535007066,1,0,0,0,0,0,false,false,2,0,0,1,true
postcss-modules-scope,549615288,3,0,0,0,0,0,false,false,4,0,0,1,true
aproba,550058959,0,0,0,0,0,0,false,false,1,0,0,1,true
resolve-pkg-maps,551236234,0,0,0,0,0,0,false,false,1,0,0,1,true
rc,580881423,4,0,0,0,0,0,false,false,5,0,0,1,true
@babel/plugin-transform-async-generator-functions,585085942,22,0,0,0,0,0,false,false,20,3,0,0.8695652173913043,false
typedarray,594605512,0,0,0,0,0,0,false,false,1,0,0,1,true
@babel/plugin-transform-typescript,598744738,27,0,0,0,0,0,false,false,26,2,0,0.9285714285714286,false
compression,612689067,9,0,0,0,0,0,false,false,10,0,0,1,true
@vitest/utils,620084518,2,0,0,0,0,0,false,false,1,2,0,0.3333333333333333,false
@babel/helper-function-name,663000761,8,0,0,0,0,0,false,false,8,1,0,0.8888888888888888,false
json-schema,669732906,0,0,0,0,0,0,false,false,1,0,0,1,true
commondir,681582397,0,0,0,0,0,0,false,false,0,1,0,0,false
@radix-ui/react-slot,684044902,1,0,0,0,0,0,false,false,2,0,0,1,true
@smithy/signature-v4,732740853,9,0,0,0,0,0,false,false,10,0,0,1,true
@rollup/rollup-linux-x64-gnu,767138535,0,0,0,0,0,0,false,false,1,0,0,1,true
@babel/plugin-transform-function-name,770714158,31,0,0,0,0,0,false,false,31,1,0,0.96875,false
buffer-crc32,782941250,0,0,0,0,0,0,false,false,1,0,0,1,true
@babel/plugin-transform-parameters,795431037,1,0,0,0,0,0,false,false,1,1,0,0.5,false
is-typedarray,809805838,0,0,0,0,0,0,false,false,1,0,0,1,true
dom-accessibility-api,810948120,0,0,0,0,0,0,false,false,1,0,0,1,true
@babel/plugin-syntax-import-attributes,815378928,1,0,0,0,0,0,false,false,2,0,0,1,true
@aws-sdk/client-sso,833482973,61,0,0,0,0,0,false,false,62,0,0,1,true
@aws-sdk/credential-provider-env,838671516,33,0,0,0,0,0,false,false,34,0,0,1,true
object.fromentries,841903066,89,0,0,0,0,0,false,false,90,0,0,1,true
@humanwhocodes/config-array,843165517,6,0,0,0,0,0,false,false,6,1,0,0.8571428571428571,false
which-collection,854793906,17,0,0,0,0,0,false,false,18,0,0,1,true
socks-proxy-agent,858514520,6,0,0,0,0,0,false,false,7,0,0,1,true
node-int64,871808296,0,0,0,0,0,0,false,false,1,0,0,1,true
jest-each,880382533,21,0,0,0,0,0,false,false,12,10,0,0.5454545454545454,false
@babel/highlight,921510808,4,0,0,0,0,0,false,false,4,1,0,0.8,false
cssesc,940749600,0,0,0,0,0,0,false,false,1,0,0,1,true
@types/istanbul-lib-coverage,947905140,0,0,0,0,0,0,false,false,1,0,0,1,true
leven,961632728,0,0,0,0,0,0,false,false,1,0,0,1,true
typed-array-buffer,978394741,24,0,0,0,0,0,false,false,25,0,0,1,true
fast-xml-parser,984759289,1,0,0,0,0,0,false,false,2,0,0,1,true
lilconfig,987272454,0,0,0,0,0,0,false,false,1,0,0,1,true
@jest/fake-timers,994456115,38,0,0,0,0,0,false,false,28,11,0,0.717948717948718,false
functions-have-names,1018098991,0,0,0,0,0,0,false,false,1,0,0,1,true
css-select,1065560752,8,0,0,0,0,0,false,false,9,0,0,1,true
@sinonjs/commons,1073038551,1,0,0,0,0,0,false,false,2,0,0,1,true
has-bigints,1088470663,0,0,0,0,0,0,false,false,1,0,0,1,true
vary,1121945312,0,0,0,0,0,0,false,false,1,0,0,1,true
ee-first,1138551566,0,0,0,0,0,0,false,false,1,0,0,1,true
dir-glob,1152794974,1,0,0,0,0,0,false,false,2,0,0,1,true
detect-libc,1196615700,0,0,0,0,0,0,false,false,1,0,0,1,true
vite,1215590571,10,0,0,0,0,0,false,false,9,2,0,0.8181818181818182,false
call-bound,1263332805,12,0,0,0,0,0,false,false,13,0,0,1,true
dom-serializer,1337030576,3,0,0,0,0,0,false,false,4,0,0,1,true
@types/json-schema,1385615223,0,0,0,0,0,0,false,false,1,0,0,1,true
natural-compare,1435665012,0,0,0,0,0,0,false,false,1,0,0,1,true
ieee754,1459664683,0,0,0,0,0,0,false,false,1,0,0,1,true
es-set-tostringtag,1476476294,13,0,0,0,0,0,false,false,14,0,0,1,true
ajv-keywords,1518362995,1,0,0,0,0,0,false,false,2,0,0,1,true
slice-ansi,1716332394,3,0,0,0,0,0,false,false,4,0,0,1,true
anymatch,1845485690,2,0,0,0,0,0,false,false,3,0,0,1,true
gopd,1865264410,0,0,0,0,0,0,false,false,1,0,0,1,true
@typescript-eslint/scope-manager,1870653279,3,0,0,0,0,0,false,false,1,3,0,0.25,false
function-bind,2176999277,0,0,0,0,0,0,false,false,1,0,0,1,true
picocolors,2349195061,0,0,0,0,0,0,false,false,1,0,0,1,true
tr46,2499972642,1,0,0,0,0,0,false,false,2,0,0,1,true
postcss,2683627498,3,0,0,0,0,0,false,false,4,0,0,1,true
ignore,2788380126,0,0,0,0,0,0,false,false,1,0,0,1,true
